familia,alvo,pct_edicoes_melhora,ganho_mae_medio,ganho_mae_sem_top5,maratona_maior_ganho,maratona_menor_ganho
ridge,p10,0.5384615384615384,0.053386384584217406,-0.15507989260459634,chicago,singapore
ridge,p25,0.5128205128205128,0.08971492524036075,-0.19193046208924538,chicago,honolulu
ridge,p50,0.5641025641025641,0.6082707628065597,0.2599654185736911,nyc,rio
ridge,p75,0.5982905982905983,1.3243742673462713,0.9139264190736954,chicago,rio
ridge,p90,0.5641025641025641,1.4503728970948149,0.9978985951349273,nyc,singapore
gbm_histogramas,p10,0.5555555555555556,0.7582606500511556,0.35774788893509907,chicago,savannah
gbm_histogramas,p25,0.5641025641025641,0.6001057687668313,0.01626728000147994,maui,savannah
gbm_histogramas,p50,0.6581196581196581,1.2862613034407793,0.6864997424981502,maui,savannah
gbm_histogramas,p75,0.7008547008547008,2.3614935523648795,1.674216277879942,nyc,singapore
gbm_histogramas,p90,0.6495726495726496,2.791735942906847,2.2065723187804775,nyc,rio
