formulacao,familia,alvo,mae_min,rmse_min,r2_abs,r2_desvio
referencia,media_global,p10,19.737387513508207,24.532261331219605,-0.017315695600475633,-11.767172135013828
referencia,referencia_historica,p10,4.874052706552706,6.8759338902097955,0.9200821180849805,-0.0029584321634881228
absoluto,linear,p10,6.341386656655112,9.765376578686684,0.8388024000943555,-1.0230077198717402
absoluto,ridge,p10,5.812093961803416,8.640094339981468,0.873812147555822,-0.5836402018270332
absoluto,floresta_aleatoria,p10,4.948558776182666,7.982554721092219,0.8922879258424126,-0.35177172409355895
absoluto,gbm_histogramas,p10,5.444101758484192,8.485405814312664,0.8782901254417125,-0.5274421949220045
absoluto,perceptron_multicamadas,p10,19.313064680349775,27.664227528875983,-0.2936526307013718,-15.235162684017244
desvio,ridge,p10,4.8472612704412645,6.762734779513584,0.9226918480625842,0.029793320310265714
desvio,gbm_histogramas,p10,4.111640312284459,5.7304975846275905,0.9444907642655148,0.3033667220803844
desvio,linear,p10,6.160270825510683,9.635015314518549,0.843077434817032,-0.9693566217675709
desvio,floresta_aleatoria,p10,4.309520146558687,6.174175212774164,0.935562530062459,0.19131861014709783
desvio,perceptron_multicamadas,p10,5.447580122750251,8.743845920347942,0.8707633855620038,-0.6219017457529721
referencia,media_global,p25,25.80254936634247,32.10705866294586,-0.01731569560047541,-13.662639635455779
referencia,referencia_historica,p25,5.761075498575491,8.437851633487421,0.9297383294545524,-0.012686189595180197
absoluto,linear,p25,7.829653572371775,11.257152537374012,0.8749419064411936,-0.8024707249479242
absoluto,ridge,p25,6.6026533811877846,9.51568066024447,0.9106417983548966,-0.2879257784587459
absoluto,floresta_aleatoria,p25,6.21843463541987,9.843165406551424,0.904385387734842,-0.37809984608595526
absoluto,gbm_histogramas,p25,6.172740261508435,10.031912190069653,0.9006833307939086,-0.4314578421039015
absoluto,perceptron_multicamadas,p25,22.573437963423995,31.809696149068067,0.0014409701130357888,-13.392298549292166
desvio,ridge,p25,5.686969314212954,7.919390087355379,0.9381074789224836,0.10793892533643368
desvio,gbm_histogramas,p25,5.104094499173163,7.424069683829483,0.945607529964322,0.21603766612022623
desvio,linear,p25,7.529041723714068,12.755356488531735,0.839439059416919,-1.3141756501750796
desvio,floresta_aleatoria,p25,5.208128329706728,7.519728791845987,0.9441968060413826,0.1957048072086499
desvio,perceptron_multicamadas,p25,6.5297177995230005,9.766499507098164,0.9058690228703963,-0.3567161129564942
referencia,media_global,p50,34.70386089006779,43.22109123987062,-0.017315695600475856,-15.797489674013626
referencia,referencia_historica,p50,7.655056980056974,10.697116563163496,0.9376842615175567,-0.02893131228996415
absoluto,linear,p50,10.237388423158185,16.500351202799315,0.8517308950699067,-1.4481572139397931
absoluto,ridge,p50,8.416499768057367,12.302764179776666,0.9175729629820685,-0.3610006305377953
absoluto,floresta_aleatoria,p50,8.232964594735256,13.571578405305077,0.8996944393501469,-0.6562033069464679
absoluto,gbm_histogramas,p50,7.88200725166166,13.66567663666856,0.8982986846860794,-0.6792494219907179
absoluto,perceptron_multicamadas,p50,27.21721863591017,38.26850028662976,0.20246973020578674,-12.168484993907661
desvio,ridge,p50,6.980953007713123,9.66465461859847,0.949132901413652,0.1601038232808586
desvio,gbm_histogramas,p50,6.43969588763816,9.650037388858653,0.9492866521306638,0.16264249057218771
desvio,linear,p50,9.158284791877666,15.747946427439613,0.8649445398123458,-1.2299790593344109
desvio,floresta_aleatoria,p50,6.4132274185498135,9.431064106369304,0.9515620579262821,0.20021303580350813
desvio,perceptron_multicamadas,p50,8.080914620281211,11.996548168492911,0.9216251190930262,-0.2940931300188663
referencia,media_global,p75,43.94922266430889,54.7003743757576,-0.01731569560047519,-16.187244607181594
referencia,referencia_historica,p75,9.910274216524218,13.282074252396184,0.9400199318015486,-0.01334532450492576
absoluto,linear,p75,12.388264118698045,19.667598513562975,0.8684842348440063,-1.2219195429816958
absoluto,ridge,p75,10.457535161764028,15.039753953090962,0.9230946398456211,-0.2992930732249377
absoluto,floresta_aleatoria,p75,10.929547008585578,18.1744198623788,0.8876957320442893,-0.8973470399922954
absoluto,gbm_histogramas,p75,10.05646766528997,18.05601833294867,0.8891542307453865,-0.8727061403743885
absoluto,perceptron_multicamadas,p75,32.17586257474303,45.05482802762958,0.30982723058756745,-10.660262650430964
desvio,ridge,p75,8.526086057306568,11.895192003438112,0.951891915999558,0.187228300050569
desvio,gbm_histogramas,p75,7.651219617261969,11.689018007214921,0.9535451349312734,0.21515893976398048
desvio,linear,p75,10.610307353242256,16.157802843812423,0.9112354088952741,-0.49965123547305135
desvio,floresta_aleatoria,p75,7.586713967039144,11.162446167052499,0.9576362981860991,0.2842779201283774
desvio,perceptron_multicamadas,p75,9.118760902931243,13.222357303230863,0.9405580668200729,-0.004253694212514647
referencia,media_global,p90,50.35780798703212,63.91432734098673,-0.017315695600475856,-16.161669369120165
referencia,referencia_historica,p90,11.236509971509971,15.440562804273862,0.9406274704590621,-0.0015885196664204848
absoluto,linear,p90,14.692504752397904,25.106193307480943,0.8430284174933116,-1.648041715052147
absoluto,ridge,p90,12.345390613290995,18.64949926289315,0.9133848920634747,-0.4611588626870753
absoluto,floresta_aleatoria,p90,12.963545215711484,21.58120842785446,0.8840125987288332,-0.9566565621739542
absoluto,gbm_histogramas,p90,11.995271677904602,21.44261914526582,0.8854975014080059,-0.931606905577198
absoluto,perceptron_multicamadas,p90,37.62917376871503,52.404842682800606,0.31608497796069357,-10.537346308104691
desvio,ridge,p90,9.827278733115046,14.174481609985003,0.9499650270346829,0.15593196228355
desvio,gbm_histogramas,p90,8.30385152040331,13.16255240277116,0.9568541006260508,0.27214761072570826
desvio,linear,p90,11.586553533347168,15.912330106497743,0.9369439358391728,-0.06372813230547969
desvio,floresta_aleatoria,p90,8.056790891402628,13.085360758863605,0.9573586740476947,0.28065954293332673
desvio,perceptron_multicamadas,p90,11.412097153835896,16.53994438173793,0.9318717255151457,-0.14929409469851063
