maratona,n,amp_bulbo,confiavel,slope_p10,r_p10,slope_p25,r_p25,slope_p50,r_p50,slope_p75,r_p75,slope_p90,r_p90,slope_iqr,r_iqr,r_win,cv_win,cv_p50
long_beach,10,6.150000000000002,True,2.015956207763224,0.7193850957630609,3.330055422478192,0.7546304237253758,3.896356998103615,0.6739413789707142,5.379419414339988,0.7261980261730052,5.063272410597671,0.6892406809540975,2.049363991861804,0.6236917208548451,0.7164206641295954,3.639114050312075,3.8991357495343917
berlin,15,6.75,True,0.8555392020480628,0.5996104635882139,1.1819305306122112,0.754716925677127,1.8702069261356598,0.7737934249080037,2.0140119938174155,0.6328791212929972,2.252841084051408,0.48781576658846043,0.8320814632052086,0.3536271483724218,0.29464677208420326,1.3079164686195646,1.840791651980843
boston,15,12.6833,True,0.8459070875460739,0.5164959877140662,1.1388678575924491,0.6504403036987765,1.6095577800589131,0.7630543905854178,2.2679970656401505,0.7480566380409011,2.716915847664336,0.6700965443096145,1.1291292080477036,0.5572632386810781,0.19862887474334062,2.5798710246701693,3.24160657165527
chicago,17,21.75,True,1.0942765239787937,0.7095777964918348,1.3226254919803573,0.7729885114294989,1.5110196741477944,0.8395196399919008,1.4901896482241537,0.8513747016225376,0.9963093038087389,0.613049891321013,0.16756415624379348,0.1550924375367281,0.4460107239491675,2.195032686000869,3.9484157725755
nyc,17,15.333299999999998,True,0.6890766092319577,0.6905982606902573,0.9599348939374523,0.8120043622546254,1.3485986781663661,0.8218738392952257,1.6867090077134725,0.7610595737738219,1.6848996333401007,0.6484414250746386,0.7267741137760122,0.5291812335132556,0.12274752820429213,1.401957048462566,2.6545691073747926
savannah,9,14.6833,True,-0.06050979865105134,-0.043785330180024895,-0.17046527475504852,-0.0930144246428709,-0.799598693056927,-0.26641238056491984,-1.309165754591417,-0.2994688114440733,-2.2594461321255994,-0.40091923547136316,-1.1387004798363694,-0.43010446372248784,0.29208379030568477,5.051779659276385,4.9252148826940925
singapore,8,1.3500000000000014,False,23.134643772938954,0.8474062023358914,25.16599724754355,0.8412878347466949,25.625697060832145,0.8306862390211913,25.41128453786125,0.9051899084043051,25.45156419390453,0.844288066970174,0.24528729031768987,0.02997441739181994,0.015596055383423122,7.21591495639122,3.7789719468988126
maui,5,3.383300000000002,False,2.851833240973213,0.8704647468362251,3.502942865150222,0.7505406370995767,4.1707419924761995,0.6455624120982816,3.1829123396256107,0.6150312623661809,1.3994387129414299,0.26117986543705124,-0.3200305255246307,-0.24796648170026714,0.6342874868352062,2.2324140564768307,2.623823468467765
honolulu,15,3.3834000000000017,False,1.8942698731481935,0.25091538382482914,3.3677326504562037,0.3150279503377911,4.026855253526656,0.2725985526836624,5.302717050907297,0.28071151225774793,6.7902536715373785,0.2975181433700256,1.9349844004511043,0.22228626039758873,0.1266394887500206,2.44852088278292,3.948133576725938
