protocolo,alvo,modelo,estatistica_centro,mae_min,rmse_min,r2
A,p10,B1_global,nao_se_aplica,19.737387513508207,24.532261331219605,-0.0173156956004756
A,p10,B2_por_maratona,mediana,4.874052706552706,6.875933890209796,0.9200821180849804
A,p10,M1_linear,nao_se_aplica,6.341386656655112,9.765376578686684,0.8388024000943555
A,p10,M2_ridge,nao_se_aplica,5.812093961803416,8.640094339981468,0.873812147555822
A,p10,M3_random_forest,nao_se_aplica,4.948558776182666,7.982554721092219,0.8922879258424126
A,p10,M4_hist_gbm,nao_se_aplica,5.444101758484192,8.485405814312664,0.8782901254417125
A,p10,M5_mlp,nao_se_aplica,19.313064680349772,27.664227528875983,-0.2936526307013718
A,p25,B1_global,nao_se_aplica,25.80254936634247,32.10705866294586,-0.0173156956004754
A,p25,B2_por_maratona,mediana,5.761075498575491,8.437851633487421,0.9297383294545524
A,p25,M1_linear,nao_se_aplica,7.829653572371775,11.257152537374012,0.8749419064411936
A,p25,M2_ridge,nao_se_aplica,6.6026533811877846,9.51568066024447,0.9106417983548966
A,p25,M3_random_forest,nao_se_aplica,6.21843463541987,9.843165406551424,0.904385387734842
A,p25,M4_hist_gbm,nao_se_aplica,6.172740261508435,10.031912190069653,0.9006833307939086
A,p25,M5_mlp,nao_se_aplica,22.573437963423995,31.809696149068067,0.0014409701130357
A,p50,B1_global,nao_se_aplica,34.70386089006779,43.22109123987062,-0.0173156956004758
A,p50,B2_por_maratona,mediana,7.655056980056974,10.697116563163496,0.9376842615175568
A,p50,M1_linear,nao_se_aplica,10.237388423158183,16.500351202799315,0.8517308950699067
A,p50,M2_ridge,nao_se_aplica,8.416499768057367,12.302764179776666,0.9175729629820684
A,p50,M3_random_forest,nao_se_aplica,8.232964594735256,13.571578405305075,0.8996944393501469
A,p50,M4_hist_gbm,nao_se_aplica,7.88200725166166,13.66567663666856,0.8982986846860794
A,p50,M5_mlp,nao_se_aplica,27.21721863591017,38.26850028662976,0.2024697302057867
A,p75,B1_global,nao_se_aplica,43.94922266430889,54.7003743757576,-0.0173156956004751
A,p75,B2_por_maratona,mediana,9.910274216524218,13.282074252396184,0.9400199318015486
A,p75,M1_linear,nao_se_aplica,12.388264118698045,19.66759851356297,0.8684842348440063
A,p75,M2_ridge,nao_se_aplica,10.457535161764028,15.039753953090962,0.9230946398456212
A,p75,M3_random_forest,nao_se_aplica,10.929547008585578,18.1744198623788,0.8876957320442893
A,p75,M4_hist_gbm,nao_se_aplica,10.05646766528997,18.05601833294867,0.8891542307453865
A,p75,M5_mlp,nao_se_aplica,32.17586257474303,45.05482802762958,0.3098272305875674
A,p90,B1_global,nao_se_aplica,50.35780798703212,63.91432734098673,-0.0173156956004758
A,p90,B2_por_maratona,mediana,11.236509971509973,15.440562804273862,0.940627470459062
A,p90,M1_linear,nao_se_aplica,14.692504752397904,25.106193307480943,0.8430284174933116
A,p90,M2_ridge,nao_se_aplica,12.345390613290997,18.64949926289315,0.9133848920634748
A,p90,M3_random_forest,nao_se_aplica,12.963545215711484,21.58120842785446,0.8840125987288332
A,p90,M4_hist_gbm,nao_se_aplica,11.995271677904602,21.44261914526582,0.8854975014080059
A,p90,M5_mlp,nao_se_aplica,37.62917376871503,52.404842682800606,0.3160849779606935
B,p10,M2a_ridge_anom,mediana,4.8472612704412645,6.762734779513584,0.9226918480625842
B,p10,M4a_hist_gbm_anom,mediana,4.111640312284459,5.730497584627591,0.9444907642655148
B,p25,M2a_ridge_anom,mediana,5.686969314212954,7.919390087355379,0.9381074789224836
B,p25,M4a_hist_gbm_anom,mediana,5.104094499173163,7.424069683829483,0.945607529964322
B,p50,M2a_ridge_anom,mediana,6.980953007713123,9.66465461859847,0.949132901413652
B,p50,M4a_hist_gbm_anom,mediana,6.43969588763816,9.650037388858651,0.9492866521306638
B,p75,M2a_ridge_anom,mediana,8.526086057306568,11.895192003438112,0.951891915999558
B,p75,M4a_hist_gbm_anom,mediana,7.651219617261969,11.68901800721492,0.9535451349312734
B,p90,M2a_ridge_anom,mediana,9.827278733115046,14.174481609985005,0.9499650270346828
B,p90,M4a_hist_gbm_anom,mediana,8.30385152040331,13.16255240277116,0.9568541006260508
C_LOMO,p50,B1_global,nao_se_aplica,38.51609025489741,48.088476216170726,-0.259349636605076
C_LOMO,p50,B2_por_maratona,mediana,35.56210826210827,46.840853767533055,-0.1948513933696316
C_LOMO,p50,M2_ridge,nao_se_aplica,36.8920968356053,44.69628877769669,-0.087945695547202
C_LOMO,p50,M4_hist_gbm,nao_se_aplica,29.68600195974223,39.41695302826136,0.1538830615357455
C_TEMPORAL,p50,B1_global,nao_se_aplica,33.130172413793105,42.40531946172846,-0.0021842715686279
C_TEMPORAL,p50,B2_por_maratona,mediana,12.43017241379313,16.07127782800437,0.8560513084124731
C_TEMPORAL,p50,M2_ridge,nao_se_aplica,24.47808884437479,35.473006025965546,0.2987015334517656
C_TEMPORAL,p50,M4_hist_gbm,nao_se_aplica,20.790342342382647,36.53789850050891,0.2559638549245369
D,p10,M2s_ridge_semcat,nao_se_aplica,7.048015589565218,10.243127287200483,0.8226440677823026
D,p10,M4s_hist_gbm_semcat,nao_se_aplica,5.456338960377523,8.539050184579814,0.8767463718712941
D,p10,M2ai_ridge_anom_cat,mediana,4.831331770963083,6.75327854329332,0.922907894696366
D,p10,M4ai_hist_gbm_anom_cat,mediana,4.139985775388402,5.730510988157038,0.944490504595029
D,p25,M2s_ridge_semcat,nao_se_aplica,9.16304872641284,13.20213902190161,0.8279941153151775
D,p25,M4s_hist_gbm_semcat,nao_se_aplica,6.147713027937657,10.083435126926744,0.8996605493318433
D,p25,M2ai_ridge_anom_cat,mediana,5.681500712145065,7.916303434304392,0.9381557158465378
D,p25,M4ai_hist_gbm_anom_cat,mediana,5.134982814237937,7.510129040984521,0.9443391927780684
D,p50,M2s_ridge_semcat,nao_se_aplica,12.533548837326288,17.89871234211113,0.8255351801301005
D,p50,M4s_hist_gbm_semcat,nao_se_aplica,8.238826970529724,14.107407522163456,0.8916176124760836
D,p50,M2ai_ridge_anom_cat,mediana,6.979931534146615,9.660763089745084,0.9491738570269947
D,p50,M4ai_hist_gbm_anom_cat,mediana,6.412989173293508,9.63250866491896,0.949470720416676
D,p75,M2s_ridge_semcat,nao_se_aplica,16.816897545575202,24.274645932729527,0.7996538709374881
D,p75,M4s_hist_gbm_semcat,nao_se_aplica,10.694715551638332,18.841306407414887,0.8793028063567804
D,p75,M2ai_ridge_anom_cat,mediana,8.529003084311784,11.9338489241221,0.9515787252205395
D,p75,M4ai_hist_gbm_anom_cat,mediana,7.4964275637071855,11.5796618986974,0.9544102819991328
D,p90,M2s_ridge_semcat,nao_se_aplica,20.36744504975676,29.004724530908987,0.7904938432125235
D,p90,M4s_hist_gbm_semcat,nao_se_aplica,12.788656696886878,22.4480310921155,0.8745080666200623
D,p90,M2ai_ridge_anom_cat,mediana,9.81805496905109,14.223884691577911,0.9496156400713656
D,p90,M4ai_hist_gbm_anom_cat,mediana,8.036315939511889,12.953950198857669,0.9582108299448916
