protocolo,alvo,modelo,mae_min,rmse_min,r2_abs,r2_desvio
LOMO,p10,media_global,21.791996693590143,26.984975001691904,-0.23714025234909686,-0.030016052400014814
LOMO,p10,referencia_historica,21.3593376068376,27.055559766865528,-0.24362070750461284,-0.035411538339758186
LOMO,p10,ridge_abs,19.695606164921585,26.374048194841244,-0.18175782964078557,0.016094147556737215
LOMO,p10,gbm_histogramas_abs,13.39709592920002,17.523025995523245,0.47833330840570387,0.5656716646926219
LOMO,p10,ridge_dev,20.250088666532285,25.72573587442407,-0.12437326439325536,0.06387128782253892
LOMO,p10,gbm_histogramas_dev,20.52684490027219,25.62917304002739,-0.11594832343993766,0.07088571032310986
LOMO,p25,media_global,28.54262955743303,35.48016456801241,-0.2477319203916688,-0.06553035292612908
LOMO,p25,referencia_historica,26.98479344729345,35.188117835170075,-0.22727562800455892,-0.04806121545310904
LOMO,p25,ridge_abs,25.999032988147253,31.4912369496549,0.01705442040750782,0.16059024121015042
LOMO,p25,gbm_histogramas_abs,17.124481225308983,22.115296237252323,0.5152301995419748,0.5860192977928902
LOMO,p25,ridge_dev,25.421169410206794,33.400817933417386,-0.10576856306414983,0.05570263291291755
LOMO,p25,gbm_histogramas_dev,25.27219617390742,32.63766108922789,-0.05581564074530232,0.09836111914558932
LOMO,p50,media_global,38.46142608751829,48.01757292616607,-0.2593480045752774,-0.10759892165254437
LOMO,p50,referencia_historica,35.494943019943015,46.79227303354448,-0.1958966079848703,-0.051793299866067066
LOMO,p50,ridge_abs,36.12590207901614,43.78519351686611,-0.04712829753448422,0.0790487069757908
LOMO,p50,gbm_histogramas_abs,29.89942390290807,39.82959042576488,0.13352301803627753,0.23793187635737134
LOMO,p50,ridge_dev,33.71113942484554,44.98465449994406,-0.10528462200402555,0.027900111007305273
LOMO,p50,gbm_histogramas_dev,33.7784613005935,44.54840831393614,-0.08395120446006143,0.046662891573926446
LOMO,p75,media_global,48.78535318381689,60.95222997736679,-0.26734083929808583,-0.180467969583755
LOMO,p75,referencia_historica,42.861591880341884,57.63951792887365,-0.1333261545872544,-0.055639637812626264
LOMO,p75,ridge_abs,47.19261736935532,57.36180023059516,-0.12243132084798924,-0.04549161617208175
LOMO,p75,gbm_histogramas_abs,41.073439419948215,55.77287753621507,-0.06110982449515001,0.011626453448057461
LOMO,p75,ridge_dev,41.0638726845863,56.000963648439686,-0.06980649968939145,0.0035259123857481756
LOMO,p75,gbm_histogramas_dev,41.47797157472206,55.90222860581912,-0.06603748330528258,0.0070365726440739795
LOMO,p90,media_global,56.00048871432415,71.3942104080147,-0.2729484825319428,-0.19300973622060225
LOMO,p90,referencia_historica,48.93979344729345,66.5845529878149,-0.10721462832950746,-0.037683653195156985
LOMO,p90,ridge_abs,59.85825583080272,73.81437164438535,-0.3607134958772791,-0.27526327346686696
LOMO,p90,gbm_histogramas_abs,47.80801533310941,68.45365815645859,-0.1702486842516333,-0.09675929015965856
LOMO,p90,ridge_dev,47.820738634416486,66.04610548212209,-0.08937966859155266,-0.02096869504527077
LOMO,p90,gbm_histogramas_dev,49.227126259126536,67.59262527033788,-0.1409942799469206,-0.06934200686675007
TEMPORAL,p10,media_global,22.25874281609196,26.99452674505239,-0.03900218162107216,-3.9555673959888678
TEMPORAL,p10,referencia_historica,10.35396551724139,14.225967435404185,0.7114449735621738,-0.3762761101549894
TEMPORAL,p10,ridge_abs,15.587861082977419,22.414441464739777,0.28365725614635806,-2.4166287699759317
TEMPORAL,p10,gbm_histogramas_abs,15.200964289823803,22.518230682320766,0.2770079013253133,-2.448343165324091
TEMPORAL,p10,ridge_dev,10.811151679948557,14.829873426185621,0.6864260967083415,-0.495604762793304
TEMPORAL,p10,gbm_histogramas_dev,10.393309825590759,14.982328968025282,0.6799456894437234,-0.5265133552114318
TEMPORAL,p25,media_global,26.61126893939394,33.00656711663456,-0.011835861174573914,-5.31522083321748
TEMPORAL,p25,referencia_historica,10.430459770114927,14.419972463320157,0.8068751254160014,-0.20535976059357797
TEMPORAL,p25,ridge_abs,18.95467267369525,26.946818960200442,0.32558944008249757,-3.209231735658018
TEMPORAL,p25,gbm_histogramas_abs,15.716068740180905,24.40899538340473,0.4466382155725166,-2.4537240706869086
TEMPORAL,p25,ridge_dev,11.408098317267443,15.52314507586302,0.7761955150866525,-0.3968419186601915
TEMPORAL,p25,gbm_histogramas_dev,11.881757513880327,16.490915975606892,0.7474200282159711,-0.5764397775073293
TEMPORAL,p50,media_global,32.85919540229885,42.144308153984824,-0.0016465733882289335,-6.1828042329992625
TEMPORAL,p50,referencia_historica,12.31436781609198,16.042940500252335,0.8548541584812994,-0.04084034484953847
TEMPORAL,p50,ridge_abs,24.45679751492437,35.469257678254,0.29051886709664876,-4.087686834901312
TEMPORAL,p50,gbm_histogramas_abs,20.586088500445854,36.516414636889266,0.2480085347549169,-4.392528286170421
TEMPORAL,p50,ridge_dev,13.862061941848367,17.94405344025519,0.8184159241830078,-0.30213880132550774
TEMPORAL,p50,gbm_histogramas_dev,14.383118096060961,19.04903550690344,0.795363718897169,-0.4674460884527347
TEMPORAL,p75,media_global,38.27270114942529,50.37461679893124,-1.1285463991317357e-05,-5.810894214420247
TEMPORAL,p75,referencia_historica,15.805603448275871,19.34109672767578,0.8525843526001808,-0.004021049147047151
TEMPORAL,p75,ridge_abs,30.492357210993813,45.95716829838172,0.1676846333994121,-4.668747940502253
TEMPORAL,p75,gbm_histogramas_abs,25.79742452135126,45.932487497947,0.16857836529092984,-4.662660895828195
TEMPORAL,p75,ridge_dev,17.377431410734086,21.66850334607594,0.8149712473462084,-0.2601970390427981
TEMPORAL,p75,gbm_histogramas_dev,16.4015552356548,21.016121784285122,0.8259449841559756,-0.1854569219714841
TEMPORAL,p90,media_global,41.39530172413793,56.611088174210536,-0.00018241750351344344,-4.019406073220548
TEMPORAL,p90,referencia_historica,21.004425287356305,25.300140984985696,0.8002337613875384,-0.002524993209343629
TEMPORAL,p90,ridge_abs,38.68695191179079,57.45578408920726,-0.030252605063985083,-4.170313027214649
TEMPORAL,p90,gbm_histogramas_abs,33.65761333438568,60.040748146212515,-0.1250411305923076,-4.646008352769412
TEMPORAL,p90,ridge_dev,21.843048874038395,27.84817247841552,0.7579697719533327,-0.21462642743980087
TEMPORAL,p90,gbm_histogramas_dev,19.324369324430464,24.86438922158575,0.8070557676305401,0.03171118108088322
