date,time,temperature_2m,relative_humidity_2m,dew_point_2m,wet_bulb_temperature_2m,apparent_temperature,precipitation,wind_speed_10m,wind_gusts_10m,wind_direction_10m,shortwave_radiation
2014-09-21,2014-09-21 00:00:00,26.5,77,22.0,23.3,29.9,0.0,2.79,3.5,105,0.0
2014-09-21,2014-09-21 01:00:00,26.3,77,21.9,23.1,29.7,0.0,2.86,3.8,102,0.0
2014-09-21,2014-09-21 02:00:00,26.2,77,21.9,23.1,29.8,0.0,2.44,3.9,109,0.0
2014-09-21,2014-09-21 03:00:00,26.1,78,21.9,23.1,29.9,0.0,2.02,4.0,123,0.0
2014-09-21,2014-09-21 04:00:00,26.0,79,22.0,23.1,30.1,0.0,1.52,4.0,113,0.0
2014-09-21,2014-09-21 05:00:00,25.9,80,22.1,23.2,30.2,0.0,1.41,4.3,82,0.0
2014-09-21,2014-09-21 06:00:00,25.9,80,22.2,23.2,29.9,0.0,1.97,4.3,66,0.0
2014-09-21,2014-09-21 07:00:00,25.9,80,22.2,23.2,29.6,0.0,2.44,4.2,71,30.0
2014-09-21,2014-09-21 08:00:00,26.0,80,22.2,23.3,29.5,0.0,2.94,4.1,72,211.0
2014-09-21,2014-09-21 09:00:00,26.3,78,22.2,23.3,29.8,0.0,3.09,4.8,65,395.0
2014-09-21,2014-09-21 10:00:00,26.7,77,22.3,23.5,30.6,0.0,3.0,5.0,53,618.0
2014-09-21,2014-09-21 11:00:00,27.1,75,22.4,23.7,31.8,0.0,3.54,5.5,45,800.0
2014-09-21,2014-09-21 12:00:00,27.5,72,22.0,23.5,32.7,0.0,3.13,5.7,27,889.0
2014-09-21,2014-09-21 13:00:00,27.4,73,22.0,23.5,32.8,0.0,3.07,5.6,19,918.0
2014-09-21,2014-09-21 14:00:00,27.4,73,22.1,23.6,32.3,0.0,3.64,5.2,21,874.0
2014-09-21,2014-09-21 15:00:00,27.5,73,22.2,23.7,31.2,0.0,4.03,5.0,30,706.0
2014-09-21,2014-09-21 16:00:00,27.3,74,22.4,23.8,30.4,0.0,3.91,4.7,40,541.0
2014-09-21,2014-09-21 17:00:00,27.3,75,22.5,23.8,30.4,0.0,4.06,4.6,52,327.0
2014-09-21,2014-09-21 18:00:00,27.2,76,22.6,23.9,30.4,0.0,3.96,4.7,69,127.0
2014-09-21,2014-09-21 19:00:00,27.1,76,22.6,23.9,30.3,0.0,4.06,5.3,80,6.0
2014-09-21,2014-09-21 20:00:00,27.0,77,22.6,23.8,29.8,0.0,4.53,6.0,84,0.0
2014-09-21,2014-09-21 21:00:00,26.8,78,22.5,23.7,29.6,0.0,4.54,6.0,82,0.0
2014-09-21,2014-09-21 22:00:00,26.6,78,22.5,23.6,29.5,0.0,4.55,6.0,81,0.0
2014-09-21,2014-09-21 23:00:00,26.4,79,22.5,23.5,29.3,0.0,4.47,6.0,80,0.0
