maratona,ano,janela_inicio_h,janela_fim_h,fonte_janela,n_horas_janela,temp_media,temp_max,temp_min,temp_amplitude,temp_std,bulbo_umido_med,bulbo_umido_max,bulbo_umido_horas_acima_18,bulbo_umido_horas_acima_20,bulbo_umido_horas_acima_22,umidade_med,umidade_max,temp_aparente_med,temp_aparente_max,orvalho_med,vento_med_ms,vento_max_ms,rajada_max_ms,wx_med,wy_med,precipitacao_total_mm,precipitacao_max_horaria_mm,horas_com_chuva,radiacao_med_wm2,radiacao_max_wm2,radiacao_acumulada_whm2,temp_derivada_meia_prova_c,bulbo_derivada_meia_prova_c,hora_pico_radiacao,hora_pico_sin,hora_pico_cos
berlin,2005,9.0000,15.0000,dinamica,6,18.0833,22.5000,12.2000,10.3000,3.6011,14.2333,16.4000,0.0000,0.0000,0.0000,69.5000,90,17.4667,21.9000,12.0500,2.3867,2.7300,6.9000,-1.7962,1.5038,0.0000,0.0000,0.0000,445.5000,523.0000,2673.0000,6.3000,3.2000,12.5000,-0.1305,-0.9914
berlin,2006,9.0000,15.0000,dinamica,6,22.3000,26.9000,16.2000,10.7000,3.6833,15.2667,16.5000,0.0000,0.0000,0.0000,49.3333,73,19.8833,24.0000,10.5167,5.0050,5.5200,12.2000,-3.2393,3.7966,0.0000,0.0000,0.0000,476.1667,558.0000,2857.0000,6.4000,2.0000,12.5000,-0.1305,-0.9914
berlin,2007,9.0000,15.0000,dinamica,6,14.4500,15.3000,13.0000,2.3000,0.8539,11.9167,12.4000,0.0000,0.0000,0.0000,77.3333,82,12.2667,13.3000,10.5500,4.5333,5.2800,11.4000,-2.9163,-3.3643,0.0000,0.0000,0.0000,291.6667,352.0000,1750.0000,1.5000,0.9000,12.5000,-0.1305,-0.9914
berlin,2008,9.0000,15.0000,dinamica,6,13.8667,17.4000,9.3000,8.1000,2.9124,11.0500,12.4000,0.0000,0.0000,0.0000,75.3333,93,11.7833,15.0000,9.3333,3.6017,4.0200,8.8000,-0.6963,-3.5180,0.0000,0.0000,0.0000,436.1667,537.0000,2617.0000,5.2667,2.5667,12.5000,-0.1305,-0.9914
berlin,2009,9.0000,15.0000,dinamica,6,19.4500,24.3000,13.1000,11.2000,3.9029,14.8000,17.5000,0.0000,0.0000,0.0000,63.5000,79,19.6667,25.1000,12.1167,0.9217,1.2100,4.5000,-0.6799,0.4358,0.0000,0.0000,0.0000,485.6667,568.0000,2914.0000,6.8333,4.0000,12.5000,-0.1305,-0.9914
berlin,2010,9.0000,15.0000,dinamica,6,12.7833,13.1000,12.5000,0.6000,0.2192,12.4500,12.7000,0.0000,0.0000,0.0000,97.0000,99,12.0167,12.4000,12.3500,2.8783,3.1000,6.3000,1.1180,-2.6490,1.4000,0.4000,5.0000,71.1667,104.0000,427.0000,-0.0333,-0.1000,12.5000,-0.1305,-0.9914
berlin,2011,9.2500,15.2500,dinamica,6,18.4000,21.5000,14.0000,7.5000,2.6077,13.8667,15.4000,0.0000,0.0000,0.0000,63.0000,78,17.6333,21.1000,11.0833,2.1583,2.4200,5.8000,-1.8866,0.9926,0.0000,0.0000,0.0000,474.7083,545.0000,2848.2500,4.4667,2.2667,12.5000,-0.1305,-0.9914
berlin,2012,9.2500,15.2500,dinamica,6,14.3000,16.3000,11.2000,5.1000,1.7861,10.2667,11.1000,0.0000,0.0000,0.0000,64.1667,77,11.5000,13.6000,7.4500,4.0950,4.7300,9.8000,-1.1510,-3.9206,0.0000,0.0000,0.0000,420.2917,508.0000,2521.7500,3.0667,1.0667,12.5000,-0.1305,-0.9914
berlin,2013,9.2500,15.2500,dinamica,6,12.1500,14.2000,8.5000,5.7000,2.0288,8.5167,9.1000,0.0000,0.0000,0.0000,66.0000,87,8.7667,10.1000,5.7667,4.4700,5.4000,11.2000,0.1069,4.4655,0.0000,0.0000,0.0000,440.3333,528.0000,2642.0000,3.3667,0.9667,13.5000,-0.3827,-0.9239
berlin,2014,9.2500,15.2500,dinamica,6,17.5500,20.3000,12.9000,7.4000,2.5876,13.3000,14.8000,0.0000,0.0000,0.0000,64.6667,80,16.7333,19.6000,10.6833,2.0050,2.2800,6.6000,-1.8665,-0.7159,0.0000,0.0000,0.0000,458.0833,537.0000,2748.5000,4.3000,2.2000,12.5000,-0.1305,-0.9914
berlin,2015,9.2500,15.2500,dinamica,6,14.7667,16.6000,11.6000,5.0000,1.7172,10.7000,11.2000,0.0000,0.0000,0.0000,63.8333,84,12.6500,14.0000,7.7500,2.9550,3.1600,7.6000,2.7787,-0.9514,0.0000,0.0000,0.0000,383.7083,446.0000,2302.2500,2.8000,0.2000,13.5000,-0.3827,-0.9239
berlin,2016,9.2500,15.2500,dinamica,6,19.4333,22.3000,14.7000,7.6000,2.6899,13.3333,14.3000,0.0000,0.0000,0.0000,52.0000,69,17.6167,20.4000,8.9667,2.9267,3.1800,7.8000,-2.0461,2.0171,0.0000,0.0000,0.0000,431.5417,497.0000,2589.2500,4.5333,1.8000,13.5000,-0.3827,-0.9239
berlin,2017,9.2500,15.2500,dinamica,6,15.4000,16.7000,14.2000,2.5000,0.8813,14.2167,14.7000,0.0000,0.0000,0.0000,90.1667,96,15.1167,16.5000,13.7167,2.8167,3.5200,8.3000,0.2365,2.7990,0.1000,0.1000,0.0000,139.2083,198.0000,835.2500,1.6000,0.6333,14.5000,-0.6088,-0.7934
berlin,2018,9.2500,15.2500,dinamica,6,19.4167,21.5000,15.9000,5.6000,1.9325,13.1833,13.8000,0.0000,0.0000,0.0000,50.8333,67,17.9167,19.5000,8.6833,2.2533,2.7800,7.1000,-1.8561,-1.2619,0.0000,0.0000,0.0000,381.0000,520.0000,2286.0000,3.1000,0.8333,11.5000,0.1305,-0.9914
berlin,2019,9.2500,15.2500,dinamica,6,14.9500,15.4000,14.6000,0.8000,0.2814,12.9167,13.7000,0.0000,0.0000,0.0000,81.8333,86,13.0667,13.7000,11.8500,4.7067,5.5200,10.0000,-4.2344,-1.8110,2.6500,0.7000,5.2500,110.7917,151.0000,664.7500,-0.1000,0.7000,14.5000,-0.6088,-0.7934
boston,2005,12.0000,18.0000,dinamica,6,16.1500,17.0000,15.4000,1.6000,0.5679,8.4833,8.7000,0.0000,0.0000,0.0000,34.8333,38,14.4833,15.0000,0.4333,1.9567,2.4400,7.5000,-0.0970,1.7477,0.0000,0.0000,0.0000,688.3333,909.0000,4130.0000,1.0333,0.0333,12.5000,-0.1305,-0.9914
boston,2006,12.0000,18.0000,dinamica,6,10.7000,11.4000,9.6000,1.8000,0.6272,6.4167,6.9000,0.0000,0.0000,0.0000,57.1667,60,7.8833,8.9000,2.6000,2.1550,2.8900,7.6000,2.1322,0.1832,0.0000,0.0000,0.0000,343.0000,485.0000,2058.0000,1.0000,0.7667,12.5000,-0.1305,-0.9914
boston,2007,10.0000,16.0000,dinamica,6,8.3000,10.0000,7.4000,2.6000,0.8406,5.9667,9.1000,0.0000,0.0000,0.0000,76.1667,92,3.0333,6.0000,4.2333,7.5100,8.2700,19.2000,-5.3521,5.2457,0.2000,0.2000,1.0000,250.1667,379.0000,1501.0000,-0.7333,-2.6000,13.5000,-0.3827,-0.9239
boston,2008,10.0000,16.0000,dinamica,6,12.2167,13.5000,9.7000,3.8000,1.3397,8.0667,8.8000,0.0000,0.0000,0.0000,60.8333,74,10.5333,12.1000,4.8000,2.8883,3.4000,8.0000,-0.1889,2.8319,0.0000,0.0000,0.0000,763.1667,834.0000,4579.0000,2.2333,1.1333,12.5000,-0.1305,-0.9914
boston,2009,10.0000,16.0000,dinamica,6,8.7333,9.1000,7.7000,1.4000,0.4853,4.2000,4.4000,0.0000,0.0000,0.0000,52.3333,59,4.3500,5.2000,-0.5500,5.3367,6.0500,12.7000,-0.8338,5.2660,0.0000,0.0000,0.0000,641.3333,822.0000,3848.0000,0.5333,0.2667,12.5000,-0.1305,-0.9914
boston,2010,10.0000,16.0000,dinamica,6,11.4667,13.0000,8.8000,4.2000,1.3924,6.2667,7.5000,0.0000,0.0000,0.0000,48.6667,56,7.4167,9.2000,1.1167,4.5150,5.2800,12.0000,4.2328,-1.5016,0.0000,0.0000,0.0000,549.0000,690.0000,3294.0000,2.2667,1.7333,10.5000,0.3827,-0.9239
boston,2011,10.0000,16.0000,dinamica,6,11.7833,14.1000,8.6000,5.5000,1.9794,5.3833,6.8000,0.0000,0.0000,0.0000,37.8333,44,7.8000,10.3000,-2.2000,5.2867,6.0600,12.7000,-1.6039,-4.9976,0.0000,0.0000,0.0000,769.8333,904.0000,4619.0000,3.5667,2.2333,12.5000,-0.1305,-0.9914
boston,2012,10.0000,16.0000,dinamica,6,23.5000,25.8000,19.4000,6.4000,2.2701,16.8833,17.7000,0.0000,0.0000,0.0000,52.0000,69,23.5500,25.4000,12.8667,3.6000,5.2000,10.4000,-3.5824,-0.2301,0.0000,0.0000,0.0000,760.3333,847.0000,4562.0000,3.8667,1.1667,12.5000,-0.1305,-0.9914
boston,2013,10.0000,16.0000,dinamica,6,9.3500,10.2000,7.7000,2.5000,0.8421,4.9667,5.6000,0.0000,0.0000,0.0000,54.6667,60,7.3667,8.5000,0.7167,1.9533,3.1400,6.8000,-0.5335,1.7980,0.0000,0.0000,0.0000,732.0000,818.0000,4392.0000,1.3000,0.9333,13.5000,-0.3827,-0.9239
boston,2014,10.0000,16.0000,dinamica,6,14.1333,17.0000,10.1000,6.9000,2.3435,7.0167,8.5000,0.0000,0.0000,0.0000,36.0000,51,11.7667,14.1000,-0.9167,3.0617,3.9200,8.5000,-2.9466,-0.7266,0.0000,0.0000,0.0000,824.1667,908.0000,4945.0000,4.0000,1.9000,12.5000,-0.1305,-0.9914
boston,2015,10.0000,16.0000,dinamica,6,7.7667,8.1000,7.0000,1.1000,0.3771,5.8833,6.6000,0.0000,0.0000,0.0000,81.1667,85,2.7000,3.2000,4.7167,7.2183,7.6600,13.8000,-1.8643,6.9487,4.9000,2.0000,4.0000,83.8333,108.0000,503.0000,0.5333,0.9000,12.5000,-0.1305,-0.9914
boston,2016,10.0000,16.0000,dinamica,6,15.0167,16.3000,13.6000,2.7000,0.9155,8.7833,9.3000,0.0000,0.0000,0.0000,44.6667,47,12.6167,13.8000,2.9667,3.8333,4.5500,9.8000,1.9675,3.0689,0.0000,0.0000,0.0000,791.5000,861.0000,4749.0000,-1.6333,-0.8333,12.5000,-0.1305,-0.9914
boston,2017,10.0000,16.0000,dinamica,6,20.6500,21.2000,19.9000,1.3000,0.5220,12.2167,14.4000,0.0000,0.0000,0.0000,36.3333,55,17.2000,17.8000,4.8167,5.5350,5.9200,11.4000,0.9320,-5.4322,0.0000,0.0000,0.0000,673.0000,801.0000,4038.0000,-0.0333,-1.6333,12.5000,-0.1305,-0.9914
boston,2018,10.0000,16.0000,dinamica,6,7.0167,8.7000,4.9000,3.8000,1.2889,6.3833,8.2000,0.0000,0.0000,0.0000,94.3333,96,1.4500,3.2000,6.1667,8.7817,9.4900,21.7000,-0.1617,8.3881,19.3000,4.1000,6.0000,77.6667,101.0000,466.0000,2.1667,2.2333,13.5000,-0.3827,-0.9239
boston,2019,10.0000,16.0000,dinamica,6,15.7167,17.9000,13.4000,4.5000,1.8515,13.1500,13.3000,0.0000,0.0000,0.0000,78.3333,97,13.6333,15.7000,11.6333,5.1917,5.8300,15.6000,-4.0194,-2.7728,3.9000,2.9000,2.0000,448.6667,657.0000,2692.0000,3.5667,0.0333,13.5000,-0.3827,-0.9239
chicago,2005,8.0000,14.0000,dinamica,6,11.7500,13.4000,8.7000,4.7000,1.6958,8.3000,9.3000,0.0000,0.0000,0.0000,67.0000,79,8.2667,9.8000,5.7500,4.6450,5.1300,9.2000,2.2818,4.0331,0.0000,0.0000,0.0000,384.8333,586.0000,2309.0000,2.6333,1.4667,13.5000,-0.3827,-0.9239
chicago,2006,8.0000,14.0000,dinamica,6,3.5667,3.7000,3.4000,0.3000,0.0943,1.8500,2.9000,0.0000,0.0000,0.0000,81.1667,94,-2.6667,-2.5000,0.5167,7.9783,8.5700,16.2000,4.8729,-6.2923,0.5000,0.2000,1.0000,159.8333,323.0000,959.0000,0.0000,-1.3667,13.5000,-0.3827,-0.9239
chicago,2007,8.0000,14.0000,dinamica,6,25.8167,28.7000,21.5000,7.2000,2.7009,21.1167,22.2000,6.0000,5.0000,2.0000,66.6667,84,27.7333,30.6000,18.9167,2.8933,3.2800,7.7000,-2.8197,-0.2003,0.0000,0.0000,0.0000,477.3333,601.0000,2864.0000,4.5000,1.7667,11.5000,0.1305,-0.9914
chicago,2008,7.5000,13.5000,dinamica,6,21.1500,25.0000,15.8000,9.2000,3.5061,16.4000,18.6000,2.0000,0.0000,0.0000,64.0000,82,20.8500,25.1000,13.7833,2.9417,3.1800,7.1000,-2.6837,1.0346,0.0000,0.0000,0.0000,410.4167,610.0000,2462.5000,6.0333,3.3333,13.5000,-0.3827,-0.9239
chicago,2009,7.5000,13.5000,dinamica,6,3.3500,5.2000,0.5000,4.7000,1.7144,-0.6333,0.4000,0.0000,0.0000,0.0000,50.3333,65,-1.0500,1.8000,-6.2000,3.1617,3.7800,7.6000,2.3292,-2.0844,0.0000,0.0000,0.0000,445.3333,627.0000,2672.0000,2.7667,1.5333,12.5000,-0.1305,-0.9914
chicago,2010,7.5000,13.5000,dinamica,6,21.6333,26.4000,15.1000,11.3000,4.1672,15.4167,17.3000,0.0000,0.0000,0.0000,54.5000,76,21.2167,26.1000,11.4333,1.9800,2.5500,5.3000,-0.5980,-1.6161,0.0000,0.0000,0.0000,459.7500,659.0000,2758.5000,7.2000,2.9000,12.5000,-0.1305,-0.9914
chicago,2011,7.5000,13.5000,dinamica,6,19.9167,23.7000,13.5000,10.2000,3.8041,15.7333,17.4000,0.0000,0.0000,0.0000,67.3333,88,20.4167,24.6000,13.3833,1.5650,2.1100,5.1000,-0.8293,1.1671,0.0000,0.0000,0.0000,470.7500,673.0000,2824.5000,6.2333,3.0000,12.5000,-0.1305,-0.9914
chicago,2012,7.5000,13.5000,dinamica,6,7.3000,8.6000,5.4000,3.2000,1.2329,2.7333,3.1000,0.0000,0.0000,0.0000,49.6667,62,2.7167,4.2000,-2.7667,3.9817,4.6600,8.3000,3.0540,-2.4467,0.0000,0.0000,0.0000,304.0833,464.0000,1824.5000,2.1333,0.5333,11.5000,0.1305,-0.9914
chicago,2013,7.5000,13.5000,dinamica,6,13.6500,16.2000,9.2000,7.0000,2.3852,8.1167,8.7000,0.0000,0.0000,0.0000,50.0000,75,10.1833,13.0000,2.8667,3.9467,4.1400,8.2000,3.2798,-2.1858,0.0000,0.0000,0.0000,465.5000,669.0000,2793.0000,3.8333,0.9000,12.5000,-0.1305,-0.9914
chicago,2014,7.5000,13.5000,dinamica,6,11.1333,14.7000,6.2000,8.5000,2.9713,7.7667,9.6000,0.0000,0.0000,0.0000,68.5000,83,7.9000,11.9000,5.2667,4.2483,4.5600,9.6000,-3.2003,2.7658,0.0000,0.0000,0.0000,457.8333,634.0000,2747.0000,5.0667,2.4000,12.5000,-0.1305,-0.9914
chicago,2015,7.5000,13.5000,dinamica,6,17.0000,21.5000,12.0000,9.5000,3.3990,12.3000,15.2000,0.0000,0.0000,0.0000,60.6667,73,13.7667,19.0000,9.1833,6.0617,6.3500,12.0000,-5.0527,-3.3031,0.0000,0.0000,0.0000,453.7500,653.0000,2722.5000,6.0000,3.8667,12.5000,-0.1305,-0.9914
chicago,2016,7.5000,13.5000,dinamica,6,13.6667,15.4000,11.1000,4.3000,1.5402,9.9667,10.3000,0.0000,0.0000,0.0000,66.3333,83,10.8833,12.3000,7.3500,4.1167,4.7100,9.4000,-0.6093,4.0011,0.0000,0.0000,0.0000,419.2500,644.0000,2515.5000,2.6000,0.4667,13.5000,-0.3827,-0.9239
chicago,2017,7.5000,13.5000,dinamica,6,18.0167,22.2000,13.0000,9.2000,3.3128,14.1500,16.1000,0.0000,0.0000,0.0000,68.6667,87,17.1833,21.5000,11.8667,3.1217,4.0900,7.1000,-2.9164,0.0889,0.0000,0.0000,0.0000,475.9167,681.0000,2855.5000,5.8333,2.9667,12.5000,-0.1305,-0.9914
chicago,2018,7.5000,13.5000,dinamica,6,13.7667,13.9000,13.6000,0.3000,0.0943,12.7500,13.0000,0.0000,0.0000,0.0000,91.0000,92,12.2000,12.6000,12.3000,4.3850,4.7600,10.0000,3.0506,3.1295,2.5500,0.7000,5.0000,94.4167,138.0000,566.5000,-0.0667,-0.2333,11.5000,0.1305,-0.9914
chicago,2019,7.5000,13.5000,dinamica,6,7.7000,10.2000,5.2000,5.0000,1.7944,3.7167,5.3000,0.0000,0.0000,0.0000,57.1667,68,2.0333,4.0000,-0.3667,6.6717,7.9100,14.5000,-2.8620,-5.9915,0.0000,0.0000,0.0000,387.0000,534.0000,2322.0000,3.2000,1.8333,11.5000,0.1305,-0.9914
chicago,2021,7.5000,13.5000,dinamica,6,22.0500,22.9000,21.0000,1.9000,0.6677,18.9167,19.1000,6.0000,0.0000,0.0000,75.5000,81,21.5167,23.0000,17.5000,6.2583,6.8900,12.3000,-5.7813,-2.2383,0.0000,0.0000,0.0000,365.5000,550.0000,2193.0000,1.1667,0.3000,12.5000,-0.1305,-0.9914
chicago,2022,7.5000,13.5000,dinamica,6,12.7500,17.7000,6.8000,10.9000,3.9178,7.0500,10.2000,0.0000,0.0000,0.0000,47.5000,63,8.6667,14.7000,1.5167,4.6817,5.0600,9.8000,-2.8988,-3.6302,0.0000,0.0000,0.0000,477.5833,683.0000,2865.5000,6.9000,4.3000,12.5000,-0.1305,-0.9914
chicago,2023,7.5000,13.5000,dinamica,6,10.2667,12.0000,7.6000,4.4000,1.6670,5.9833,6.5000,0.0000,0.0000,0.0000,57.6667,72,6.5667,8.5000,2.0833,3.7000,4.2900,8.8000,2.4316,-2.7020,0.0000,0.0000,0.0000,393.0833,544.0000,2358.5000,2.8667,0.9667,10.5000,0.3827,-0.9239
durban,2022,6.5000,12.5000,dinamica,6,20.9000,22.2000,20.0000,2.2000,0.6880,18.3500,19.2000,5.0000,0.0000,0.0000,80.0000,89,20.7500,21.5000,17.2000,5.2250,6.8400,11.3000,-4.2709,-2.7930,0.1500,0.1000,0.0000,293.5833,511.0000,1761.5000,1.0667,-0.9000,11.5000,0.1305,-0.9914
durban,2024,6.5000,12.5000,dinamica,6,21.6833,24.9000,18.7000,6.2000,2.2909,17.5500,18.9000,3.0000,0.0000,0.0000,68.1667,81,21.4833,24.6000,15.4000,4.2700,5.7400,10.8000,3.7840,1.9194,0.0000,0.0000,0.0000,442.7500,714.0000,2656.5000,4.3667,1.7000,12.5000,-0.1305,-0.9914
durban,2025,6.5000,12.5000,dinamica,6,19.2167,21.9000,15.6000,6.3000,2.4667,14.9667,16.5000,0.0000,0.0000,0.0000,65.8333,80,19.1500,22.1000,12.4833,1.8733,2.7400,6.6000,0.6022,-0.1173,0.0000,0.0000,0.0000,424.6667,678.0000,2548.0000,4.7000,2.0667,12.5000,-0.1305,-0.9914
honolulu,2005,5.0000,11.0000,dinamica,6,23.3333,25.1000,22.5000,2.6000,0.9826,20.8167,20.9000,6.0000,6.0000,0.0000,80.8333,87,24.9833,25.5000,19.8000,4.0033,5.6100,11.3000,1.0149,3.8671,0.0000,0.0000,0.0000,224.0000,605.0000,1344.0000,1.6667,-0.0333,10.5000,0.3827,-0.9239
honolulu,2006,5.0000,11.0000,dinamica,6,22.3167,24.1000,21.3000,2.8000,1.0270,18.3833,19.1000,6.0000,0.0000,0.0000,69.8333,74,21.8000,23.4000,16.4833,5.2500,5.6600,11.4000,-0.3150,5.2332,0.0000,0.0000,0.0000,192.6667,489.0000,1156.0000,1.7667,0.7000,10.5000,0.3827,-0.9239
honolulu,2007,5.0000,11.0000,dinamica,6,23.1667,25.0000,22.1000,2.9000,1.0323,21.4333,21.8000,6.0000,6.0000,0.0000,86.6667,92,26.5500,28.3000,20.7667,1.6367,1.8900,5.7000,-0.1315,-1.4355,0.4000,0.2000,2.0000,185.3333,513.0000,1112.0000,1.7333,0.4667,10.5000,0.3827,-0.9239
honolulu,2008,5.0000,11.0000,dinamica,6,22.5000,23.3000,22.2000,1.1000,0.3742,20.9667,21.2000,6.0000,6.0000,0.0000,88.1667,91,25.5000,26.0000,20.4167,2.0500,3.1100,9.6000,-1.5874,1.2806,1.8000,0.8000,5.0000,169.8333,448.0000,1019.0000,0.3333,-0.3333,10.5000,0.3827,-0.9239
honolulu,2009,5.0000,11.0000,dinamica,6,22.2667,24.7000,20.3000,4.4000,1.4716,19.1167,19.7000,6.0000,0.0000,0.0000,76.0000,84,24.5667,27.0000,17.7000,0.9533,1.3000,4.0000,0.1346,0.9155,0.0000,0.0000,0.0000,232.6667,619.0000,1396.0000,2.2000,0.5667,10.5000,0.3827,-0.9239
honolulu,2010,5.0000,11.0000,dinamica,6,22.1500,23.5000,21.4000,2.1000,0.7433,20.6667,21.3000,6.0000,6.0000,0.0000,88.0000,91,24.4667,25.6000,20.1000,3.0600,3.8300,7.9000,1.0694,2.8650,0.3000,0.2000,1.0000,199.0000,519.0000,1194.0000,1.2333,0.5333,10.5000,0.3827,-0.9239
honolulu,2011,5.0000,11.0000,dinamica,6,22.1667,23.9000,21.0000,2.9000,1.0258,19.8333,20.2000,6.0000,2.0000,0.0000,81.8333,89,22.0833,22.8000,18.8667,6.4350,8.0800,15.1000,3.4160,5.4515,0.4000,0.2000,2.0000,136.3333,422.0000,818.0000,1.7333,0.2667,10.5000,0.3827,-0.9239
honolulu,2012,5.0000,11.0000,dinamica,6,23.6000,25.1000,22.7000,2.4000,0.8485,20.9000,21.5000,6.0000,6.0000,0.0000,79.6667,83,23.8167,24.5000,19.8500,6.7700,8.5100,16.7000,0.0047,6.7668,0.0000,0.0000,0.0000,217.1667,573.0000,1303.0000,1.4000,0.6667,10.5000,0.3827,-0.9239
honolulu,2013,5.0000,11.0000,dinamica,6,23.3667,25.4000,21.9000,3.5000,1.3412,21.1667,21.7000,6.0000,6.0000,0.0000,83.5000,92,26.3167,27.4000,20.2833,2.0100,2.8000,6.3000,-0.9297,1.7674,0.0000,0.0000,0.0000,204.1667,541.0000,1225.0000,2.4667,0.2000,10.5000,0.3827,-0.9239
honolulu,2014,5.0000,11.0000,dinamica,6,22.7500,22.9000,22.5000,0.4000,0.1500,20.0500,20.6000,6.0000,4.0000,0.0000,79.0000,82,21.7333,22.7000,18.9000,8.3333,9.3800,18.5000,4.7709,6.8294,0.1000,0.1000,0.0000,148.5000,441.0000,891.0000,-0.2333,-0.9000,10.5000,0.3827,-0.9239
honolulu,2015,5.0000,11.0000,dinamica,6,22.9000,24.5000,21.9000,2.6000,1.0693,20.8333,21.3000,6.0000,6.0000,0.0000,84.3333,89,25.6500,26.9000,20.0500,2.1833,2.9400,6.6000,-1.6987,1.3508,0.0000,0.0000,0.0000,214.5000,580.0000,1287.0000,2.0000,0.8000,10.5000,0.3827,-0.9239
honolulu,2016,5.0000,11.0000,dinamica,6,23.4667,24.9000,22.6000,2.3000,0.8360,21.7667,22.0000,6.0000,6.0000,1.0000,87.0000,92,27.0167,28.2000,21.1667,1.7050,1.8400,4.9000,-1.5809,-0.5007,0.0000,0.0000,0.0000,183.5000,431.0000,1101.0000,1.4667,0.2000,10.5000,0.3827,-0.9239
honolulu,2017,5.0000,11.0000,dinamica,6,22.5000,23.8000,22.0000,1.8000,0.6218,20.1667,20.4000,6.0000,5.0000,0.0000,81.8333,86,23.3667,24.2000,19.2667,5.0233,5.6500,11.4000,2.8802,4.0375,0.0000,0.0000,0.0000,160.3333,376.0000,962.0000,0.7333,-0.1333,10.5000,0.3827,-0.9239
honolulu,2018,5.0000,11.0000,dinamica,6,24.4667,25.6000,23.7000,1.9000,0.6848,19.1000,19.8000,6.0000,0.0000,0.0000,60.5000,64,22.6667,23.5000,16.3500,7.5967,8.5400,16.4000,4.2708,6.2793,0.0000,0.0000,0.0000,176.0000,477.0000,1056.0000,1.2000,0.4667,10.5000,0.3827,-0.9239
honolulu,2019,5.0000,11.0000,dinamica,6,23.0667,25.3000,21.6000,3.7000,1.4499,21.0000,21.7000,6.0000,6.0000,0.0000,84.3333,90,26.4167,28.5000,20.2333,1.2167,1.5500,4.5000,-0.0156,-1.1152,0.0000,0.0000,0.0000,231.1667,608.0000,1387.0000,2.5333,1.0667,10.5000,0.3827,-0.9239
long_beach,2010,6.0000,12.0000,dinamica,6,17.1000,17.7000,16.3000,1.4000,0.4761,14.5000,14.7000,0.0000,0.0000,0.0000,78.0000,83,17.1500,17.4000,13.2000,1.8067,2.6000,4.2000,-1.6990,-0.5543,0.0000,0.0000,0.0000,201.5000,467.0000,1209.0000,0.8000,-0.0667,11.5000,0.1305,-0.9914
long_beach,2011,6.0000,12.0000,dinamica,6,17.0167,20.8000,14.4000,6.4000,2.4586,13.8000,15.6000,0.0000,0.0000,0.0000,73.3333,84,17.2333,21.8000,12.0333,0.9567,1.3600,3.2000,0.1648,0.7313,0.0000,0.0000,0.0000,367.5000,752.0000,2205.0000,4.5667,2.1333,11.5000,0.1305,-0.9914
long_beach,2012,6.0000,12.0000,dinamica,6,20.0333,22.0000,18.1000,3.9000,1.4670,17.4667,18.0000,1.0000,0.0000,0.0000,79.6667,91,21.3833,23.6000,16.3333,1.7133,1.9000,4.2000,-1.2524,0.9979,0.0000,0.0000,0.0000,364.5000,745.0000,2187.0000,2.6667,0.5333,11.5000,0.1305,-0.9914
long_beach,2013,6.0000,12.0000,dinamica,6,16.6667,17.7000,16.0000,1.7000,0.6018,13.6833,13.9000,0.0000,0.0000,0.0000,74.8333,82,16.2167,16.7000,12.0833,2.0783,2.9100,5.5000,-1.7168,0.9818,0.0000,0.0000,0.0000,271.5000,634.0000,1629.0000,1.0667,-0.1667,11.5000,0.1305,-0.9914
long_beach,2014,6.0000,12.0000,dinamica,6,19.7667,22.0000,18.5000,3.5000,1.3047,17.4833,18.2000,1.0000,0.0000,0.0000,81.8333,89,20.9167,23.0000,16.5000,2.1800,3.0300,5.7000,-2.0632,0.6044,0.0000,0.0000,0.0000,359.6667,732.0000,2158.0000,2.2000,0.7000,11.5000,0.1305,-0.9914
long_beach,2015,6.0000,12.0000,dinamica,6,24.9500,28.8000,22.9000,5.9000,2.2530,19.8333,21.1000,6.0000,2.0000,0.0000,63.3333,76,27.0000,31.2000,17.3333,1.1917,1.3400,2.9000,-0.1010,0.8949,0.0000,0.0000,0.0000,358.8333,728.0000,2153.0000,3.9000,1.0000,11.5000,0.1305,-0.9914
long_beach,2016,6.0000,12.0000,dinamica,6,20.0500,24.6000,17.0000,7.6000,2.9113,15.1167,16.5000,0.0000,0.0000,0.0000,61.8333,78,20.4500,24.9000,12.1167,0.6933,1.2600,4.0000,0.0665,0.1172,0.0000,0.0000,0.0000,373.6667,749.0000,2242.0000,5.3667,1.8333,11.5000,0.1305,-0.9914
long_beach,2017,6.0000,12.0000,dinamica,6,18.9500,21.7000,17.0000,4.7000,1.7462,16.7167,17.3000,0.0000,0.0000,0.0000,82.5000,94,19.3333,21.8000,15.7167,3.0900,3.9400,7.5000,-2.3608,1.9747,0.0000,0.0000,0.0000,375.1667,750.0000,2251.0000,3.1000,0.6333,11.5000,0.1305,-0.9914
long_beach,2018,6.0000,12.0000,dinamica,6,19.5333,21.4000,18.4000,3.0000,1.0980,16.7167,17.4000,0.0000,0.0000,0.0000,77.1667,85,20.7500,22.4000,15.3667,1.2450,2.5000,4.9000,-1.1815,0.1481,0.0000,0.0000,0.0000,361.0000,710.0000,2166.0000,1.9333,0.5667,11.5000,0.1305,-0.9914
long_beach,2019,6.0000,12.0000,dinamica,6,17.4167,20.2000,15.7000,4.5000,1.7024,14.6833,15.6000,0.0000,0.0000,0.0000,77.5000,85,17.6500,20.8000,13.3167,1.6850,2.3400,4.5000,-1.2797,-1.0694,0.0000,0.0000,0.0000,366.3333,742.0000,2198.0000,3.1000,1.3000,11.5000,0.1305,-0.9914
maui,2010,5.0000,11.0000,dinamica,6,24.0667,24.9000,23.7000,1.2000,0.4422,21.9000,22.1000,6.0000,6.0000,2.0000,83.3333,85,25.4500,25.9000,21.0833,5.9083,7.0200,9.3000,4.0337,4.3006,0.0000,0.0000,0.0000,312.0000,673.0000,1872.0000,0.6667,0.2667,10.5000,0.3827,-0.9239
maui,2011,5.0000,11.0000,dinamica,6,24.2500,25.1000,23.7000,1.4000,0.4717,20.9500,21.0000,6.0000,6.0000,0.0000,75.3333,79,25.2000,25.7000,19.5667,5.1800,5.6500,7.9000,2.0186,4.7680,0.0000,0.0000,0.0000,313.0000,664.0000,1878.0000,0.7667,-0.0333,10.5000,0.3827,-0.9239
maui,2012,5.0000,11.0000,dinamica,6,23.3333,24.2000,22.9000,1.3000,0.4784,19.9000,20.0000,6.0000,1.0000,0.0000,74.0000,77,24.1500,25.2000,18.4333,4.5450,4.8800,7.2000,2.3707,3.8658,0.0000,0.0000,0.0000,369.0000,842.0000,2214.0000,0.8000,-0.0667,10.5000,0.3827,-0.9239
maui,2013,5.0000,11.0000,dinamica,6,24.4667,25.4000,24.1000,1.3000,0.4853,21.0667,21.1000,6.0000,6.0000,0.0000,74.5000,77,25.0667,25.6000,19.6167,5.8850,6.5800,9.2000,2.5892,5.2836,0.0000,0.0000,0.0000,344.0000,769.0000,2064.0000,0.7333,-0.0667,10.5000,0.3827,-0.9239
maui,2014,5.0000,11.0000,dinamica,6,26.1167,26.7000,25.9000,0.8000,0.2967,23.2833,23.5000,6.0000,6.0000,6.0000,79.1667,80,29.9333,30.6000,22.2000,2.4750,3.0900,5.0000,0.9686,2.2493,0.0000,0.0000,0.0000,342.3333,800.0000,2054.0000,0.4333,0.1667,10.5000,0.3827,-0.9239
nyc,2005,10.1667,16.1667,dinamica,6,16.4667,18.6000,13.6000,5.0000,1.8927,13.6000,15.1000,0.0000,0.0000,0.0000,75.5000,84,15.5500,17.7000,12.0833,2.9817,3.7200,6.9000,-2.7507,1.1477,0.0000,0.0000,0.0000,343.5278,426.0000,2061.1667,3.4667,2.2000,13.5000,-0.3827,-0.9239
nyc,2006,10.1667,16.1667,dinamica,6,8.2833,9.4000,6.7000,2.7000,0.9045,3.2000,3.8000,0.0000,0.0000,0.0000,44.8333,52,5.0667,5.8000,-3.0500,1.3167,1.9900,3.9000,-1.0483,-0.7205,0.0000,0.0000,0.0000,428.5833,529.0000,2571.5000,1.5000,0.8000,13.5000,-0.3827,-0.9239
nyc,2007,10.1667,16.1667,dinamica,6,12.8333,13.3000,12.0000,1.3000,0.4784,7.4500,7.6000,0.0000,0.0000,0.0000,49.0000,54,9.5000,10.0000,2.3500,3.0783,3.3800,6.7000,0.7140,-2.8841,0.0000,0.0000,0.0000,390.1944,536.0000,2341.1667,0.8000,0.1667,12.5000,-0.1305,-0.9914
nyc,2008,9.6667,15.6667,dinamica,6,7.4833,9.1000,4.9000,4.2000,1.3873,3.0500,3.7000,0.0000,0.0000,0.0000,51.3333,65,3.3167,5.2000,-2.0833,3.4767,4.3900,8.9000,2.4314,2.2988,0.0000,0.0000,0.0000,474.6667,582.0000,2848.0000,2.3000,0.9667,12.5000,-0.1305,-0.9914
nyc,2009,9.6667,15.6667,dinamica,6,12.2000,12.8000,11.0000,1.8000,0.5972,8.0000,8.2000,0.0000,0.0000,0.0000,60.1667,73,9.4000,10.1000,4.5833,2.8983,3.3200,5.9000,2.7979,-0.6965,0.0000,0.0000,0.0000,154.7222,229.0000,928.3333,0.8667,-0.1333,13.5000,-0.3827,-0.9239
nyc,2010,9.6667,15.6667,dinamica,6,7.9667,10.0000,4.8000,5.2000,1.6948,3.5833,4.5000,0.0000,0.0000,0.0000,53.5000,68,3.2167,4.9000,-1.0833,4.7183,5.1000,10.0000,4.2718,-1.9189,0.0000,0.0000,0.0000,465.5556,554.0000,2793.3333,2.7333,1.3000,12.5000,-0.1305,-0.9914
nyc,2011,9.6667,15.6667,dinamica,6,10.3667,12.3000,6.2000,6.1000,2.0685,6.1333,7.0000,0.0000,0.0000,0.0000,58.0000,76,7.2500,8.8000,2.2833,2.6550,3.2800,7.4000,-1.3220,-2.1936,0.0000,0.0000,0.0000,440.9444,535.0000,2645.6667,3.0667,1.3333,12.5000,-0.1305,-0.9914
nyc,2013,9.6667,15.6667,dinamica,6,9.0833,10.1000,8.2000,1.9000,0.7151,5.0333,5.3000,0.0000,0.0000,0.0000,57.8333,66,4.7833,5.8000,1.2167,4.5417,4.9000,10.7000,4.4822,-0.6247,0.0000,0.0000,0.0000,308.1111,422.0000,1848.6667,1.3000,0.3333,13.5000,-0.3827,-0.9239
nyc,2014,9.6667,15.6667,dinamica,6,7.9500,9.1000,6.8000,2.3000,0.7588,3.3500,3.8000,0.0000,0.0000,0.0000,50.1667,57,0.9833,2.2000,-1.8667,8.7733,9.3000,17.3000,7.7335,-4.0933,0.0000,0.0000,0.0000,438.1667,546.0000,2629.0000,1.3000,0.4333,13.5000,-0.3827,-0.9239
nyc,2015,9.6667,15.6667,dinamica,6,15.3167,16.9000,13.1000,3.8000,1.2993,11.8500,13.0000,0.0000,0.0000,0.0000,69.5000,75,13.2000,14.9000,9.7333,3.9267,4.6100,9.6000,-2.5618,-2.8879,0.0667,0.2000,0.3333,229.5556,360.0000,1377.3333,2.3000,1.4333,12.5000,-0.1305,-0.9914
nyc,2016,9.6667,15.6667,dinamica,6,13.2667,13.7000,12.5000,1.2000,0.3771,7.3000,7.5000,0.0000,0.0000,0.0000,44.1667,52,8.7333,9.1000,1.2500,5.0000,5.4500,11.5000,4.6134,-1.7864,0.0000,0.0000,0.0000,425.0000,489.0000,2550.0000,0.0667,-0.3333,13.5000,-0.3827,-0.9239
nyc,2017,9.6667,15.6667,dinamica,6,14.2000,14.7000,13.1000,1.6000,0.5132,12.6333,13.3000,0.0000,0.0000,0.0000,86.1667,89,13.4000,14.3000,11.8833,2.7217,3.1000,7.1000,-0.5621,2.6336,0.0000,0.0000,0.0000,118.6111,185.0000,711.6667,0.6000,1.0000,12.5000,-0.1305,-0.9914
nyc,2018,9.6667,15.6667,dinamica,6,10.8167,12.4000,8.1000,4.3000,1.4369,5.9333,7.1000,0.0000,0.0000,0.0000,51.3333,62,8.3000,10.4000,1.1167,1.1150,1.5800,4.8000,0.8816,-0.2480,0.0000,0.0000,0.0000,474.9444,566.0000,2849.6667,2.3000,1.4000,12.5000,-0.1305,-0.9914
nyc,2019,9.6667,15.6667,dinamica,6,10.6667,12.0000,7.9000,4.1000,1.4067,5.7167,6.1000,0.0000,0.0000,0.0000,51.0000,66,6.7500,7.7000,0.7833,3.6750,4.0000,9.0000,0.9348,-3.5492,0.0000,0.0000,0.0000,466.6667,579.0000,2800.0000,2.2000,0.7000,12.5000,-0.1305,-0.9914
nyc,2021,9.6667,15.6667,dinamica,6,10.2333,12.2000,6.1000,6.1000,2.1445,5.5333,6.3000,0.0000,0.0000,0.0000,53.6667,81,7.5167,9.2000,0.7667,1.4483,1.7000,5.1000,1.4308,-0.0163,0.0000,0.0000,0.0000,456.1111,570.0000,2736.6667,3.3333,1.1333,12.5000,-0.1305,-0.9914
nyc,2022,9.6667,15.6667,dinamica,6,22.0833,22.7000,20.4000,2.3000,0.8091,18.3833,18.6000,5.0000,0.0000,0.0000,71.1667,79,22.5167,23.2000,16.5833,3.6117,4.1400,8.7000,-3.5067,-0.8034,0.2333,0.2000,0.6667,298.3333,391.0000,1790.0000,1.1000,0.3667,12.5000,-0.1305,-0.9914
nyc,2023,9.6667,15.6667,dinamica,6,14.9333,17.0000,11.1000,5.9000,2.0320,10.2500,10.8000,0.0000,0.0000,0.0000,58.5000,80,13.5500,15.2000,6.6333,1.0617,1.4000,3.8000,0.6350,-0.5341,0.0000,0.0000,0.0000,429.3333,490.0000,2576.0000,3.2667,0.9000,13.5000,-0.3827,-0.9239
nyc,2024,9.6667,15.6667,dinamica,6,9.7667,12.0000,7.5000,4.5000,1.5755,4.7167,5.6000,0.0000,0.0000,0.0000,48.5000,61,6.4333,8.7000,-0.8167,2.1967,3.1800,7.7000,2.1336,0.4701,0.0000,0.0000,0.0000,484.8333,576.0000,2909.0000,2.8667,1.1000,12.5000,-0.1305,-0.9914
rio,2023,5.0000,11.0000,dinamica,6,20.2000,25.8000,16.5000,9.3000,3.4322,17.9333,21.2000,3.0000,2.0000,0.0000,82.3333,91,21.5167,28.2000,16.9667,2.1883,2.4000,5.9000,2.0815,-0.6717,0.0000,0.0000,0.0000,264.6667,613.0000,1588.0000,6.0667,4.0667,10.5000,0.3827,-0.9239
rio,2024,5.0000,11.0000,dinamica,6,19.5500,24.0000,16.3000,7.7000,2.9882,17.6833,19.7000,3.0000,0.0000,0.0000,85.6667,96,21.2000,25.8000,16.9167,1.4550,1.6800,5.0000,1.4342,0.1180,0.0000,0.0000,0.0000,262.1667,609.0000,1573.0000,5.5000,3.1667,10.5000,0.3827,-0.9239
rio,2025,5.0000,11.0000,dinamica,6,20.2500,24.3000,17.7000,6.6000,2.4398,18.9333,20.8000,4.0000,2.0000,0.0000,89.6667,98,22.7500,27.2000,18.4167,1.1233,1.4800,5.0000,1.0242,0.3742,0.0000,0.0000,0.0000,229.6667,528.0000,1378.0000,4.3667,2.5333,10.5000,0.3827,-0.9239
savannah,2011,7.5000,13.5000,dinamica,6,11.9167,13.9000,10.5000,3.4000,1.2825,7.3167,8.5000,0.0000,0.0000,0.0000,55.6667,62,6.1500,9.1000,3.3000,8.3233,9.0000,14.4000,7.5254,3.5508,0.0000,0.0000,0.0000,423.7500,701.0000,2542.5000,2.3667,1.2333,13.5000,-0.3827,-0.9239
savannah,2012,7.5000,13.5000,dinamica,6,16.0333,19.9000,12.2000,7.7000,2.9010,11.8833,13.7000,0.0000,0.0000,0.0000,64.8333,82,14.8833,19.7000,9.0833,2.1300,2.8300,5.0000,1.7167,0.0312,0.0000,0.0000,0.0000,417.2500,689.0000,2503.5000,5.3333,2.3000,13.5000,-0.3827,-0.9239
savannah,2013,7.5000,13.5000,dinamica,6,15.6667,19.2000,11.9000,7.3000,2.8069,11.6167,13.9000,0.0000,0.0000,0.0000,64.5000,72,12.9500,17.0000,8.9333,4.7050,5.0400,8.3000,3.4595,3.1723,0.0000,0.0000,0.0000,352.1667,545.0000,2113.0000,5.2000,3.4333,12.5000,-0.1305,-0.9914
savannah,2014,7.5000,13.5000,dinamica,6,15.5000,18.2000,12.2000,6.0000,2.2121,11.4000,13.0000,0.0000,0.0000,0.0000,64.3333,75,12.9833,15.7000,8.7167,4.1950,4.6900,6.3000,3.0052,2.7805,0.0000,0.0000,0.0000,274.3333,433.0000,1646.0000,3.8667,2.1333,12.5000,-0.1305,-0.9914
savannah,2015,7.5000,13.5000,dinamica,6,23.3333,25.3000,21.4000,3.9000,1.3511,22.0000,22.9000,6.0000,6.0000,4.0000,89.6667,96,27.1500,29.7000,21.4833,1.7367,1.9700,4.5000,-1.1808,-1.2182,0.0000,0.0000,0.0000,345.7500,601.0000,2074.5000,2.4000,1.0667,12.5000,-0.1305,-0.9914
savannah,2016,7.5000,13.5000,dinamica,6,16.3333,18.5000,14.1000,4.4000,1.6377,11.3167,12.1000,0.0000,0.0000,0.0000,56.8333,68,12.5167,15.7000,7.6500,6.4683,7.3400,11.4000,5.2664,3.7483,0.0000,0.0000,0.0000,423.3333,692.0000,2540.0000,2.9333,0.7000,13.5000,-0.3827,-0.9239
savannah,2017,7.5000,13.5000,dinamica,6,20.7833,24.6000,16.1000,8.5000,3.2575,17.6667,19.4000,4.0000,0.0000,0.0000,76.1667,93,22.1167,26.2000,16.1500,1.7550,2.6000,5.2000,1.2828,0.0795,0.0000,0.0000,0.0000,400.0833,658.0000,2400.5000,5.8333,2.4667,12.5000,-0.1305,-0.9914
savannah,2018,7.5000,13.5000,dinamica,6,13.4667,17.1000,10.6000,6.5000,2.3563,8.6000,10.2000,0.0000,0.0000,0.0000,55.6667,68,10.2167,15.1000,4.5167,4.1200,5.1100,9.2000,3.5031,-2.1090,0.0000,0.0000,0.0000,431.6667,713.0000,2590.0000,4.2667,1.8000,13.5000,-0.3827,-0.9239
savannah,2019,7.5000,13.5000,dinamica,6,14.6000,16.9000,12.5000,4.4000,1.6083,10.9000,12.1000,0.0000,0.0000,0.0000,66.5000,73,12.2833,14.8000,8.4167,3.6767,3.8300,7.8000,3.5804,-0.3910,0.0000,0.0000,0.0000,170.0833,294.0000,1020.5000,2.9333,1.4667,10.5000,0.3827,-0.9239
singapore,2014,5.0000,11.0000,dinamica,6,26.2667,28.9000,25.3000,3.6000,1.2763,24.9667,26.1000,6.0000,6.0000,6.0000,90.5000,94,31.5333,34.5000,24.5500,2.1567,2.9200,5.8000,2.1178,-0.3813,0.3000,0.2000,1.0000,230.6667,619.0000,1384.0000,1.6667,0.8667,10.5000,0.3827,-0.9239
singapore,2015,5.0000,11.0000,dinamica,6,26.2500,29.0000,25.2000,3.8000,1.3364,25.2167,26.8000,6.0000,6.0000,6.0000,92.0000,94,31.5833,34.5000,24.8500,2.4783,3.6700,6.4000,2.2852,0.7294,0.0000,0.0000,0.0000,209.1667,551.0000,1255.0000,1.8333,1.2333,10.5000,0.3827,-0.9239
singapore,2016,5.0000,11.0000,dinamica,6,26.4333,28.6000,25.4000,3.2000,1.1353,25.4833,26.4000,6.0000,6.0000,6.0000,92.8333,96,32.7500,35.3000,25.1667,0.9617,1.2000,5.5000,0.8318,0.2513,0.4000,0.1000,0.0000,223.0000,610.0000,1338.0000,1.7333,0.9000,10.5000,0.3827,-0.9239
singapore,2017,5.0000,11.0000,dinamica,6,26.5500,28.6000,25.9000,2.7000,0.9430,25.1167,25.6000,6.0000,6.0000,6.0000,89.6667,93,32.2333,34.2000,24.6833,1.4833,1.7000,5.4000,1.1305,-0.9523,0.4000,0.2000,1.0000,211.8333,615.0000,1271.0000,1.1000,0.2333,10.5000,0.3827,-0.9239
singapore,2018,5.0000,11.0000,dinamica,6,25.6833,27.9000,24.6000,3.3000,1.0884,24.7167,25.7000,6.0000,6.0000,6.0000,92.5000,96,31.1500,33.5000,24.3833,1.5550,2.0200,5.4000,1.3815,-0.6669,0.4000,0.3000,1.0000,171.6667,512.0000,1030.0000,1.5000,0.7667,10.5000,0.3827,-0.9239
singapore,2019,18.0000,24.0000,dinamica,6,27.1167,28.1000,26.0000,2.1000,0.6817,25.1500,25.3000,6.0000,6.0000,6.0000,85.5000,92,32.5000,33.3000,24.4500,1.8917,2.5300,4.4000,1.6523,0.8160,2.6000,1.3000,4.0000,6.8333,41.0000,41.0000,-1.0333,-0.2333,18.5000,-0.9914,0.1305
singapore,2022,4.5000,10.5000,dinamica,6,25.5167,28.1000,24.5000,3.6000,1.3146,24.1333,25.6000,6.0000,6.0000,6.0000,89.5000,92,30.1000,33.5000,23.6667,2.5183,2.6900,7.6000,1.3519,-1.9011,0.7000,0.3000,0.5000,160.4167,619.0000,962.5000,1.9667,1.2000,10.5000,0.3827,-0.9239
singapore,2023,4.5000,10.5000,dinamica,6,25.8500,28.4000,24.8000,3.6000,1.2971,24.5667,25.6000,6.0000,6.0000,6.0000,90.5000,95,31.0000,33.7000,24.1500,1.9533,2.3500,5.1000,1.8019,-0.6312,0.7500,0.3000,3.0000,171.7500,669.0000,1030.5000,1.9667,0.7333,10.5000,0.3827,-0.9239
