maratona,ano,hora_largada,confianca,caso_especial,observacao
berlin,2005,09:00,medio,,pre-sistema-ondas
berlin,2006,09:00,medio,,pre-sistema-ondas
berlin,2007,09:00,medio,,pre-sistema-ondas
berlin,2008,09:00,medio,,pre-sistema-ondas
berlin,2009,09:00,medio,,pre-sistema-ondas
berlin,2010,09:00,medio,,pre-sistema-ondas
berlin,2011,09:15,medio,,sistema-ondas-consolidado
berlin,2012,09:15,medio,,sistema-ondas-consolidado
berlin,2013,09:15,medio,,sistema-ondas-consolidado
berlin,2014,09:15,medio,,sistema-ondas-consolidado
berlin,2015,09:15,medio,,sistema-ondas-consolidado
berlin,2016,09:15,medio,,sistema-ondas-consolidado
berlin,2017,09:15,medio,,sistema-ondas-consolidado
berlin,2018,09:15,medio,,sistema-ondas-consolidado
berlin,2019,09:15,medio,,sistema-ondas-consolidado
boston,2005,12:00,alto,,pre-mudanca-2007
boston,2006,12:00,alto,,pre-mudanca-2007
boston,2007,10:00,alto,,onda-1-elite-pos-mudanca
boston,2008,10:00,alto,,onda-1-elite-pos-mudanca
boston,2009,10:00,alto,,onda-1-elite-pos-mudanca
boston,2010,10:00,alto,,onda-1-elite-pos-mudanca
boston,2011,10:00,alto,,onda-1-elite-pos-mudanca
boston,2012,10:00,alto,,onda-1-elite-pos-mudanca
boston,2013,10:00,alto,,onda-1-elite-pos-mudanca
boston,2014,10:00,alto,,onda-1-elite-pos-mudanca
boston,2015,10:00,alto,,onda-1-elite-pos-mudanca
boston,2016,10:00,alto,,onda-1-elite-pos-mudanca
boston,2017,10:00,alto,,onda-1-elite-pos-mudanca
boston,2018,10:00,alto,,onda-1-elite-pos-mudanca
boston,2019,10:00,alto,,onda-1-elite-pos-mudanca
chicago,2005,08:00,medio,,pre-sistema-ondas
chicago,2006,08:00,medio,,pre-sistema-ondas
chicago,2007,08:00,medio,,pre-sistema-ondas
chicago,2008,07:30,alto,,onda-1-elite
chicago,2009,07:30,alto,,onda-1-elite
chicago,2010,07:30,alto,,onda-1-elite
chicago,2011,07:30,alto,,onda-1-elite
chicago,2012,07:30,alto,,onda-1-elite
chicago,2013,07:30,alto,,onda-1-elite
chicago,2014,07:30,alto,,onda-1-elite
chicago,2015,07:30,alto,,onda-1-elite
chicago,2016,07:30,alto,,onda-1-elite
chicago,2017,07:30,alto,,onda-1-elite
chicago,2018,07:30,alto,,onda-1-elite
chicago,2019,07:30,alto,,onda-1-elite
chicago,2020,07:30,alto,,onda-1-elite
chicago,2021,07:30,alto,,onda-1-elite
chicago,2022,07:30,alto,,onda-1-elite
chicago,2023,07:30,alto,,onda-1-elite
chicago,2024,07:30,alto,,onda-1-elite
durban,2022,06:30,medio,,horario-nao-confirmado-em-fonte-oficial
durban,2023,06:30,medio,,horario-nao-confirmado-em-fonte-oficial
durban,2024,06:30,medio,,site-oficial-atual
durban,2025,06:30,medio,,site-oficial-atual
honolulu,2005,05:00,alto,,largada-unica-historica
honolulu,2006,05:00,alto,,largada-unica-historica
honolulu,2007,05:00,alto,,largada-unica-historica
honolulu,2008,05:00,alto,,largada-unica-historica
honolulu,2009,05:00,alto,,largada-unica-historica
honolulu,2010,05:00,alto,,largada-unica-historica
honolulu,2011,05:00,alto,,largada-unica-historica
honolulu,2012,05:00,alto,,largada-unica-historica
honolulu,2013,05:00,alto,,largada-unica-historica
honolulu,2014,05:00,alto,,largada-unica-historica
honolulu,2015,05:00,alto,,largada-unica-historica
honolulu,2016,05:00,alto,,largada-unica-historica
honolulu,2017,05:00,alto,,largada-unica-historica
honolulu,2018,05:00,alto,,largada-unica-historica
honolulu,2019,05:00,alto,,largada-unica-historica
long_beach,2010,06:00,alto,,largada-unica-full
long_beach,2011,06:00,alto,,largada-unica-full
long_beach,2012,06:00,alto,,largada-unica-full
long_beach,2013,06:00,alto,,largada-unica-full
long_beach,2014,06:00,alto,,largada-unica-full
long_beach,2015,06:00,alto,,largada-unica-full
long_beach,2016,06:00,alto,,largada-unica-full
long_beach,2017,06:00,alto,,largada-unica-full
long_beach,2018,06:00,alto,,largada-unica-full
long_beach,2019,06:00,alto,,largada-unica-full
maui,2010,05:00,medio,,largada-regular-padrao-historico
maui,2011,05:00,medio,,largada-regular-padrao-historico
maui,2012,05:00,medio,,largada-regular-padrao-historico
maui,2013,05:00,medio,,largada-regular-padrao-historico
maui,2014,05:00,medio,,largada-regular-padrao-historico
nyc,2005,10:10,medio,,pre-wave-start
nyc,2006,10:10,medio,,pre-wave-start
nyc,2007,10:10,medio,,pre-wave-start
nyc,2008,09:40,alto,,onda-1-elite-homens
nyc,2009,09:40,alto,,onda-1-elite-homens
nyc,2010,09:40,alto,,onda-1-elite-homens
nyc,2011,09:40,alto,,onda-1-elite-homens
nyc,2012,09:40,alto,,onda-1-elite-homens
nyc,2013,09:40,alto,,onda-1-elite-homens
nyc,2014,09:40,alto,,onda-1-elite-homens
nyc,2015,09:40,alto,,onda-1-elite-homens
nyc,2016,09:40,alto,,onda-1-elite-homens
nyc,2017,09:40,alto,,onda-1-elite-homens
nyc,2018,09:40,alto,,onda-1-elite-homens
nyc,2019,09:40,alto,,onda-1-elite-homens
nyc,2020,09:40,alto,,onda-1-elite-homens
nyc,2021,09:40,alto,,onda-1-elite-homens
nyc,2022,09:40,alto,,onda-1-elite-homens
nyc,2023,09:40,alto,,onda-1-elite-homens
nyc,2024,09:40,alto,,onda-1-elite-homens
rio,2023,05:00,medio,,assumido-igual-2024-2025
rio,2024,05:00,alto,,guia-do-atleta-oficial
rio,2025,05:00,alto,,guia-do-atleta-oficial
savannah,2011,07:30,medio,,
savannah,2012,07:30,medio,,
savannah,2013,07:30,medio,,
savannah,2014,07:30,medio,,
savannah,2015,07:30,medio,,
savannah,2016,07:30,medio,,
savannah,2017,07:30,medio,,
savannah,2018,07:30,medio,,
savannah,2019,07:30,medio,,
singapore,2014,05:00,alto,,
singapore,2015,05:00,alto,,
singapore,2016,05:00,alto,,
singapore,2017,05:00,alto,,
singapore,2018,05:00,alto,,
singapore,2019,18:00,alto,noturna,unica-edicao-noturna-largada-18h
singapore,2022,04:30,alto,,retorno-pos-COVID
singapore,2023,04:30,alto,,
