formulacao,familia,alvo,mae_corpus117,rmse_corpus117,mae_exp1_49,rmse_exp1_49,mae_recorte_49,rmse_recorte_49,mae_ref_49,delta_recorte_vs_exp1,ganho_exp1_vs_ref,ganho_recorte_vs_ref
referencia,media_global,p10,19.737387513508207,24.532261331219605,14.807729005395291,18.33207871848666,10.1864526643991,12.0232118346229,4.720119047619049,-4.621276340996191,-10.087609957776243,-5.466333616780052
referencia,referencia_historica,p10,4.874052706552706,6.875933890209796,4.720119047619049,6.7877994676339535,4.720119047619043,6.787799467633951,4.720119047619049,-5.329070518200751e-15,0.0,5.329070518200751e-15
absoluto,linear,p10,6.341386656655112,9.765376578686684,6.667457962514076,10.886033353166965,8.778712139788993,20.589695420046823,4.720119047619049,2.111254177274917,-1.9473389148950275,-4.058593092169945
absoluto,ridge,p10,5.812093961803416,8.640094339981468,4.562249460342555,7.6241767608473126,4.067778920803112,5.440271901851066,4.720119047619049,-0.4944705395394431,0.15786958727649392,0.652340126815937
absoluto,floresta_aleatoria,p10,4.948558776182666,7.982554721092219,3.3124491589424125,4.816773019074363,4.0009983525856105,5.852804960798842,4.720119047619049,0.688549193643198,1.4076698886766361,0.7191206950334381
absoluto,gbm_histogramas,p10,5.444101758484192,8.485405814312664,3.5164948683198682,4.866203484767824,3.292816706843106,4.66358360546726,4.720119047619049,-0.22367816147676223,1.2036241792991804,1.4273023407759426
absoluto,perceptron_multicamadas,p10,19.313064680349772,27.664227528875983,24.18580901808423,34.51716472389355,28.368897625958816,40.50114414186219,4.720119047619049,4.183088607874588,-19.465689970465178,-23.648778578339765
desvio,ridge,p10,4.8472612704412645,6.762734779513584,4.221181184430993,6.154184320447665,4.021328719158066,5.307964974244597,4.720119047619049,-0.19985246527292677,0.4989378631880559,0.6987903284609827
desvio,gbm_histogramas,p10,4.111640312284459,5.730497584627591,3.195022655370623,4.528086383958252,3.3670893778574205,4.492287152451006,4.720119047619049,0.17206672248679755,1.5250963922484257,1.3530296697616282
desvio,linear,p10,6.160270825510683,9.635015314518547,6.327134555127944,10.730510497601468,7.209719522538486,15.723101190222682,4.720119047619049,0.8825849674105424,-1.607015507508895,-2.4896004749194374
desvio,floresta_aleatoria,p10,4.309520146558687,6.174175212774164,3.595021551206604,5.211055137387217,3.160495176313672,4.280477011540264,4.720119047619049,-0.4345263748929318,1.1250974964124447,1.5596238713053765
desvio,perceptron_multicamadas,p10,5.447580122750251,8.743845920347942,4.998390483862504,9.506259465783414,3.3537218760731533,4.655072293634067,4.720119047619049,-1.644668607789351,-0.27827143624345574,1.3663971715458954
referencia,media_global,p25,25.80254936634247,32.10705866294586,19.41899923762608,23.976065116690847,13.070068027210883,15.46040904344636,5.052891156462576,-6.348931210415195,-14.366108081163503,-8.017176870748308
referencia,referencia_historica,p25,5.761075498575491,8.437851633487421,5.052891156462576,7.5236810567694095,5.052891156462571,7.523681056769407,5.052891156462576,-5.329070518200751e-15,0.0,5.329070518200751e-15
absoluto,linear,p25,7.829653572371775,11.257152537374012,7.268352254508084,10.746241633843411,9.980251993637015,25.528524767792977,5.052891156462576,2.7118997391289312,-2.215461098045508,-4.927360837174439
absoluto,ridge,p25,6.6026533811877846,9.51568066024447,5.068875075866118,7.583597659287563,4.184327713528192,5.405271510385702,5.052891156462576,-0.8845473623379263,-0.015983919403542046,0.8685634429343843
absoluto,floresta_aleatoria,p25,6.21843463541987,9.843165406551424,3.8116185071990842,5.811024424902405,3.908076834765284,5.892506305609736,5.052891156462576,0.09645832756619965,1.2412726492634918,1.1448143216972921
absoluto,gbm_histogramas,p25,6.172740261508435,10.031912190069653,3.7082927442583085,5.605199983022321,3.853967949071002,5.147150511474785,5.052891156462576,0.1456752048126937,1.3445984122042676,1.1989232073915739
absoluto,perceptron_multicamadas,p25,22.573437963423995,31.809696149068067,28.359421249190074,39.22920055397617,31.45690616452132,45.066576079145314,5.052891156462576,3.097484915331247,-23.3065300927275,-26.404015008058746
desvio,ridge,p25,5.686969314212954,7.919390087355379,4.49812212959701,6.490217173049086,4.612626114561867,5.850674034222307,5.052891156462576,0.11450398496485725,0.5547690268655661,0.4402650419007088
desvio,gbm_histogramas,p25,5.104094499173163,7.424069683829483,3.690754596687073,5.530375533974863,3.563123324021175,4.703607504697208,5.052891156462576,-0.12763127266589835,1.3621365597755029,1.4897678324414012
desvio,linear,p25,7.529041723714068,12.755356488531737,6.572838998028733,10.170888387483858,8.366039911988786,21.30960991198498,5.052891156462576,1.7932009139600522,-1.5199478415661574,-3.3131487555262096
desvio,floresta_aleatoria,p25,5.208128329706728,7.519728791845987,3.876123582202461,5.637972337879695,3.231131492409821,4.412735210122065,5.052891156462576,-0.6449920897926402,1.176767574260115,1.8217596640527551
desvio,perceptron_multicamadas,p25,6.5297177995230005,9.766499507098164,5.781661482866816,10.480437280447955,3.683411799272397,5.100087737760891,5.052891156462576,-2.0982496835944184,-0.7287703264042396,1.3694793571901789
referencia,media_global,p50,34.70386089006779,43.22109123987062,25.52463054187192,32.17421515287211,17.873086734693885,20.990781494384265,6.723979591836734,-7.651543807178037,-18.800650950035187,-11.14910714285715
referencia,referencia_historica,p50,7.655056980056974,10.697116563163496,6.723979591836734,9.003525307929195,6.7239795918367244,9.00352530792919,6.723979591836734,-9.769962616701378e-15,0.0,9.769962616701378e-15
absoluto,linear,p50,10.237388423158183,16.500351202799315,8.480094478374468,11.933860826277469,13.53250479608898,34.90022277301367,6.723979591836734,5.0524103177145125,-1.756114886537734,-6.808525204252247
absoluto,ridge,p50,8.416499768057367,12.302764179776666,6.172163354884899,9.119471229003013,5.330070926794944,6.780266718720205,6.723979591836734,-0.8420924280899547,0.5518162369518356,1.3939086650417902
absoluto,floresta_aleatoria,p50,8.232964594735256,13.571578405305075,4.450107902058722,7.055868628101982,4.212447188417218,6.166382664259492,6.723979591836734,-0.2376607136415041,2.2738716897780122,2.5115324034195163
absoluto,gbm_histogramas,p50,7.88200725166166,13.66567663666856,4.3349183199109556,6.049830856537859,4.131014756811744,5.585669841615552,6.723979591836734,-0.2039035630992112,2.3890612719257787,2.59296483502499
absoluto,perceptron_multicamadas,p50,27.21721863591017,38.26850028662976,34.06384661705658,48.394270658117335,34.95842124874655,49.50486395767973,6.723979591836734,0.8945746316899701,-27.33986702521985,-28.23444165690982
desvio,ridge,p50,6.980953007713123,9.66465461859847,5.229956620279456,6.886162640795565,4.597219443923774,5.726538548741457,6.723979591836734,-0.6327371763556817,1.4940229715572784,2.12676014791296
desvio,gbm_histogramas,p50,6.43969588763816,9.650037388858651,4.278343959432433,5.918336428649281,3.7786761488805833,4.594485513908472,6.723979591836734,-0.4996678105518493,2.4456356324043016,2.945303442956151
desvio,linear,p50,9.158284791877666,15.747946427439611,7.269031106562217,10.831203937277325,10.863879907610544,26.03814409625506,6.723979591836734,3.594848801048327,-0.5450515147254826,-4.13990031577381
desvio,floresta_aleatoria,p50,6.4132274185498135,9.431064106369304,4.425674357237035,6.114717403734537,3.884522024185304,4.880112242722526,6.723979591836734,-0.5411523330517314,2.298305234599699,2.83945756765143
desvio,perceptron_multicamadas,p50,8.080914620281211,11.996548168492913,7.218849573373696,12.887496919616765,4.909822685478522,6.720890984082407,6.723979591836734,-2.3090268878951736,-0.4948699815369615,1.8141569063582121
referencia,media_global,p75,43.94922266430889,54.7003743757576,31.46581925873802,40.07915312946404,21.99721159297053,25.997584893922745,8.807865646258511,-9.46860766576749,-22.65795361247951,-13.189345946712018
referencia,referencia_historica,p75,9.910274216524218,13.282074252396184,8.807865646258511,10.849281158754554,8.807865646258504,10.849281158754543,8.807865646258511,-7.105427357601002e-15,0.0,7.105427357601002e-15
absoluto,linear,p75,12.388264118698045,19.66759851356297,10.441595588254744,13.998109587776748,16.198970868373124,35.602552000063184,8.807865646258511,5.75737528011838,-1.6337299419962328,-7.3911052221146125
absoluto,ridge,p75,10.457535161764028,15.039753953090962,8.340101146254023,11.702742212141612,6.591327169068734,8.860613221804794,8.807865646258511,-1.748773977185289,0.4677645000044883,2.2165384771897774
absoluto,floresta_aleatoria,p75,10.929547008585578,18.1744198623788,6.3964604802888285,11.098380077306087,5.183582224072018,7.0710623376003765,8.807865646258511,-1.2128782562168103,2.4114051659696827,3.624283422186493
absoluto,gbm_histogramas,p75,10.05646766528997,18.05601833294867,6.010281777905346,9.105423800840029,5.902335909526258,8.112530322958861,8.807865646258511,-0.1079458683790886,2.797583868353165,2.9055297367322535
absoluto,perceptron_multicamadas,p75,32.17586257474303,45.05482802762958,40.57500940359232,56.267616527253104,39.26082305048513,55.25253248894969,8.807865646258511,-1.3141863531071891,-31.767143757333805,-30.452957404226616
desvio,ridge,p75,8.526086057306568,11.895192003438112,6.055552037112666,7.672408298826972,5.413985032206702,6.868220177306182,8.807865646258511,-0.6415670049059647,2.752313609145845,3.3938806140518096
desvio,gbm_histogramas,p75,7.651219617261969,11.68901800721492,4.964362629660175,6.329729207747081,4.845423415513554,6.466117428171248,8.807865646258511,-0.11893921414662145,3.843503016598336,3.9624422307449576
desvio,linear,p75,10.610307353242256,16.157802843812423,8.792282292815162,12.424779689083842,12.794925254527886,26.133838373810867,8.807865646258511,4.0026429617127235,0.015583353443348713,-3.9870596082693748
desvio,floresta_aleatoria,p75,7.586713967039144,11.1624461670525,5.390104211097093,7.281068401619353,4.822924552294539,6.402468668638704,8.807865646258511,-0.5671796588025533,3.4177614351614185,3.984941093963972
desvio,perceptron_multicamadas,p75,9.118760902931244,13.222357303230863,8.048406622448955,12.994079751039093,6.415328622078735,8.620653431114823,8.807865646258511,-1.6330780003702197,0.7594590238095567,2.3925370241797763
referencia,media_global,p90,50.35780798703212,63.91432734098673,33.5309377199155,43.48306880996417,24.110154478458057,28.668852555482477,9.685085034013621,-9.420783241457443,-23.84585268590188,-14.425069444444436
referencia,referencia_historica,p90,11.236509971509973,15.440562804273862,9.685085034013621,12.669012903116908,9.68508503401362,12.669012903116908,9.685085034013621,-1.7763568394002505e-15,0.0,1.7763568394002505e-15
absoluto,linear,p90,14.692504752397904,25.106193307480943,12.47289000341992,16.266830773611822,17.89167532343264,29.90611178744932,9.685085034013621,5.41878532001272,-2.7878049694062987,-8.206590289419019
absoluto,ridge,p90,12.345390613290997,18.64949926289315,9.815227372544525,14.236350913705683,8.568622441517011,12.04606063051416,9.685085034013621,-1.2466049310275142,-0.13014233853090396,1.1164625924966103
absoluto,floresta_aleatoria,p90,12.963545215711484,21.58120842785446,7.741365586228567,12.370747412129816,7.210836697879548,9.859989146812218,9.685085034013621,-0.5305288883490187,1.9437194477850541,2.474248336134073
absoluto,gbm_histogramas,p90,11.995271677904602,21.44261914526582,9.116675485876364,16.141395190657352,7.115938891892287,10.493999677061746,9.685085034013621,-2.000736593984077,0.5684095481372573,2.569146142121334
absoluto,perceptron_multicamadas,p90,37.62917376871503,52.404842682800606,46.48521956301377,64.48947725007044,44.36531332280496,63.12023096581315,9.685085034013621,-2.119906240208813,-36.80013452900015,-34.68022828879134
desvio,ridge,p90,9.827278733115046,14.174481609985005,6.86182898999957,9.164256672356021,7.19198232017901,9.45489669266546,9.685085034013621,0.3301533301794395,2.823256044014051,2.4931027138346114
desvio,gbm_histogramas,p90,8.30385152040331,13.16255240277116,6.400381622268129,8.718501075013464,6.387526973873064,9.210953286315826,9.685085034013621,-0.012854648395064672,3.2847034117454923,3.297558060140557
desvio,linear,p90,11.586553533347168,15.912330106497745,10.44963591282999,14.343855889261082,14.445312229232336,23.040209232817965,9.685085034013621,3.9956763164023457,-0.7645508788163689,-4.7602271952187145
desvio,floresta_aleatoria,p90,8.056790891402628,13.085360758863605,6.296165220359406,9.283020443829459,6.619929848428095,9.52629961358322,9.685085034013621,0.3237646280686892,3.3889198136542156,3.0651551855855264
desvio,perceptron_multicamadas,p90,11.412097153835896,16.53994438173793,9.603517675294809,12.939169193548338,7.843368283119791,10.552855351772644,9.685085034013621,-1.760149392175018,0.0815673587188126,1.8417167508938306
