familia,celula,alvo,mae_min,rmse_min,r2_abs,r2_desvio
ridge,E,p10,4.71379921748164,6.437718560458001,0.7012329763392156,0.09542668953982791
ridge,E+C,p10,3.5445990709358703,4.90933733876997,0.8262541509550759,0.4739517905171353
ridge,E+S,p10,4.999793933225253,7.068780568486265,0.6397884051934642,-0.09060829668483583
gbm_histogramas,E,p10,6.052263715190042,7.591250075492186,0.5845724595673114,-0.2577849486233268
gbm_histogramas,E+C,p10,3.7036002231520198,4.864564277373328,0.8294088173626395,0.4835031359123597
gbm_histogramas,E+S,p10,5.394978378647874,7.490874501966625,0.5954858389010949,-0.22474264177397218
ridge,E,p25,5.367640465170445,7.59551221178986,0.7484745945176011,-0.04258112328995578
ridge,E+C,p25,3.978786108546567,5.4677471367368495,0.8696579435183591,0.4597278656685778
ridge,E+S,p25,5.824899141160869,8.25963676076366,0.7025666776966483,-0.23287095661830404
gbm_histogramas,E,p25,7.512640627450803,9.722314818556946,0.5878957580600823,-0.7081857105060547
gbm_histogramas,E+C,p25,3.7228343265655437,4.946922707231608,0.8933064968707488,0.5577519013361885
gbm_histogramas,E+S,p25,6.789184170048042,9.288197490504091,0.6238763800947223,-0.559044842347624
ridge,E,p50,6.789657302859814,8.914225194400629,0.8120598054682664,-0.017608000902241905
ridge,E+C,p50,4.583469229947447,5.697114167249845,0.9232351660520243,0.5843544303653352
ridge,E+S,p50,6.972762029038302,9.19447665462215,0.800056864446879,-0.08259829660856721
gbm_histogramas,E,p50,9.372826426918193,11.853867722356755,0.6676676466766285,-0.7994238142784913
gbm_histogramas,E+C,p50,4.1128477466159055,5.061266018822728,0.9394142067775153,0.67195634718895
gbm_histogramas,E+S,p50,8.583824037837795,11.419570512939904,0.6915732690989098,-0.6699860816844982
ridge,E,p75,8.636729257912956,10.804216479568524,0.8200175207252566,-0.0004532237665730854
ridge,E+C,p75,5.609404534460812,7.096346324571952,0.9223550383422389,0.5684015882392627
ridge,E+S,p75,8.413872200237293,10.6383824272379,0.8255002248599647,0.03002301507973093
gbm_histogramas,E,p75,11.036096678956916,14.176064406432578,0.6901474814214305,-0.7223507107651148
gbm_histogramas,E+C,p75,4.8814170720212795,6.351373673522167,0.9378016298851385,0.6542632363706316
gbm_histogramas,E+S,p75,10.261992016929467,13.007561157174868,0.7391232183010594,-0.45011346831234866
ridge,E,p90,7.89702398370409,10.346764808875363,0.864263008932062,0.3329467182381437
ridge,E+C,p90,7.401502283651347,9.658542274640336,0.8817197501500537,0.41873450848391813
ridge,E+S,p90,7.975056243829951,10.699186490543497,0.8548588438649156,0.28673176149779256
gbm_histogramas,E,p90,10.864728244576579,14.569236279510399,0.7308696746408967,-0.3225891139915713
gbm_histogramas,E+C,p90,6.478748528610409,9.339938993621919,0.8893943933175676,0.4564500631824827
gbm_histogramas,E+S,p90,10.039020156644789,13.467167384092049,0.770045676585783,-0.13006620289679294
ridge,E+C+S,p10,4.021328719158066,5.307964974244597,0.796893050114645,0.3850555399853546
ridge,E+C+S,p25,4.612626114561867,5.850674034222307,0.8507619622958604,0.38140339863975037
ridge,E+C+S,p50,4.597219443923774,5.726538548741457,0.9224401703071052,0.5800499012957097
ridge,E+C+S,p75,5.413985032206702,6.868220177306182,0.9272669008284542,0.5957047384060679
ridge,E+C+S,p90,7.19198232017901,9.454896692665459,0.8866549289307407,0.44298749343546373
gbm_histogramas,E+C+S,p10,3.3670893778574205,4.492287152451006,0.8545198615566848,0.5595315412477129
gbm_histogramas,E+C+S,p25,3.563123324021175,4.703607504697208,0.9035438608551876,0.600186113585858
gbm_histogramas,E+C+S,p50,3.7786761488805825,4.594485513908472,0.9500740608830048,0.7296744572144516
gbm_histogramas,E+C+S,p75,4.845423415513554,6.466117428171248,0.9355339812829161,0.6416582519098937
gbm_histogramas,E+C+S,p90,6.387526973873064,9.210953286315826,0.8924282527605764,0.47135938069380334
