familia,alvo,mae_E,mae_EC,mae_ES,mae_ECS,efeito_clima_sem_composicao,efeito_clima_com_composicao,efeito_composicao_sem_clima,efeito_composicao_com_clima,interacao
ridge,p10,4.71379921748164,3.5445990709358703,4.999793933225253,4.021328719158066,1.1692001465457693,0.978465214067187,-0.28599471574361335,-0.47672964822219566,0.1907349324785823
ridge,p25,5.367640465170445,3.978786108546567,5.824899141160869,4.612626114561867,1.3888543566238782,1.2122730265990018,-0.457258675990424,-0.6338400060153004,0.17658133002487642
ridge,p50,6.789657302859814,4.583469229947447,6.972762029038302,4.597219443923774,2.206188072912367,2.3755425851145278,-0.18310472617848816,-0.013750213976327252,-0.1693545122021609
ridge,p75,8.636729257912956,5.609404534460812,8.413872200237293,5.413985032206702,3.0273247234521437,2.9998871680305914,0.22285705767566277,0.19541950225411053,0.02743755542155224
ridge,p90,7.89702398370409,7.401502283651347,7.975056243829951,7.19198232017901,0.495521700052743,0.7830739236509414,-0.07803226012586162,0.2095199634723368,-0.28755222359819843
gbm_histogramas,p10,6.052263715190042,3.7036002231520198,5.394978378647874,3.3670893778574205,2.3486634920380225,2.0278890007904535,0.6572853365421683,0.3365108452945993,0.32077449124756896
gbm_histogramas,p25,7.512640627450803,3.7228343265655437,6.789184170048042,3.563123324021175,3.789806300885259,3.226060846026867,0.7234564574027607,0.15971100254436887,0.5637454548583918
gbm_histogramas,p50,9.372826426918193,4.1128477466159055,8.583824037837795,3.7786761488805825,5.259978680302288,4.805147888957213,0.7890023890803981,0.334171597735323,0.4548307913450751
gbm_histogramas,p75,11.036096678956916,4.8814170720212795,10.261992016929467,4.845423415513554,6.154679606935637,5.416568601415913,0.7741046620274492,0.0359936565077259,0.7381110055197233
gbm_histogramas,p90,10.864728244576579,6.478748528610409,10.039020156644789,6.387526973873064,4.38597971596617,3.6514931827717243,0.8257080879317904,0.09122155473734495,0.7344865331944455
