maratona,ano,alvo,familia,ae_b2,ae_modelo,delta_ae
boston,2005,p10,ridge,6.534999999999997,1.157130062864013,5.3778699371359835
boston,2006,p10,ridge,1.0916666666666401,0.8963588107982048,0.19530785586843535
boston,2007,p10,ridge,3.5250000000000057,8.898762524829351,-5.3737625248293455
boston,2008,p10,ridge,1.0733333333333235,0.5968000539068896,0.47653327942643386
boston,2009,p10,ridge,0.6516666666666708,0.07238214412524258,0.5792845225414283
boston,2010,p10,ridge,0.42166666666665265,6.460619074793954,-6.038952408127301
boston,2011,p10,ridge,1.2849999999999682,0.18652046383573406,1.098479536164234
boston,2012,p10,ridge,15.52333333333334,8.959706003381683,6.563627329951657
boston,2013,p10,ridge,6.856666666666712,4.466823193488011,2.3898434731787006
boston,2014,p10,ridge,3.301666666666648,3.593707867880738,-0.29204120121409005
boston,2015,p10,ridge,8.023333333333312,3.694949565426924,4.328383767906388
boston,2016,p10,ridge,1.1733333333333178,3.330598817576714,-2.1572654842433963
boston,2017,p10,ridge,1.671666666666681,4.373980129506151,-2.70231346283947
boston,2018,p10,ridge,2.734999999999985,17.163712416837882,-14.428712416837897
boston,2019,p10,ridge,7.851666666666688,8.602936419399214,-0.7512697527325258
chicago,2005,p10,ridge,0.9666666666666686,4.094497904571881,-3.1278312379052124
chicago,2006,p10,ridge,3.2749999999999773,8.620938332406723,-5.345938332406746
chicago,2007,p10,ridge,23.18333333333328,6.003522007235887,17.179811326097393
chicago,2008,p10,ridge,12.173333333333318,2.5833186101282024,9.590014723205115
chicago,2009,p10,ridge,1.7449999999999761,6.339974328519361,-4.594974328519385
chicago,2010,p10,ridge,7.649999999999977,2.267912915361677,5.3820870846383
chicago,2011,p10,ridge,6.68333333333328,0.6291062990657963,6.054227034267484
chicago,2012,p10,ridge,0.8333333333333144,8.045845633268613,-7.212512299935298
chicago,2013,p10,ridge,1.299999999999983,0.3943536280098101,0.9056463719901728
chicago,2014,p10,ridge,1.2083333333333144,0.7846722101870967,0.42366112314621773
chicago,2015,p10,ridge,0.09166666666664014,3.0531545933044697,-2.9614879266378296
chicago,2016,p10,ridge,0.7416666666666742,3.4156910070901745,-2.6740243404235002
chicago,2017,p10,ridge,3.916666666666657,2.3261764953550426,1.5904901713116146
chicago,2018,p10,ridge,3.7749999999999773,3.095858015017882,0.6791419849820954
chicago,2019,p10,ridge,9.549999999999983,1.8858083096992289,7.664191690300754
chicago,2022,p10,ridge,10.801666666666677,8.588061772280128,2.213604894386549
chicago,2023,p10,ridge,18.65833333333336,12.582050705651085,6.076282627682275
nyc,2005,p10,ridge,8.625,0.9363811153411064,7.688618884658894
nyc,2006,p10,ridge,1.1941666666666606,0.504897369421883,0.6892692972447776
nyc,2007,p10,ridge,0.08083333333331666,4.374022709152143,-4.293189375818827
nyc,2008,p10,ridge,3.360833333333346,5.036882260158791,-1.6760489268254446
nyc,2009,p10,ridge,2.7725000000000364,6.298907064392438,-3.5264070643924015
nyc,2010,p10,ridge,1.1708333333333485,0.7958454807787518,0.37498785255459666
nyc,2011,p10,ridge,2.2158333333333644,0.8692446017137456,1.3465887316196188
nyc,2013,p10,ridge,2.170000000000016,2.1464970691090173,0.02350293089099864
nyc,2014,p10,ridge,4.835000000000008,6.81809445074046,-1.9830944507404524
nyc,2015,p10,ridge,6.163333333333327,3.6889827010898273,2.4743506322434996
nyc,2016,p10,ridge,4.780000000000001,2.8854399113691898,1.8945600886308114
nyc,2017,p10,ridge,2.629999999999967,0.5697555808613686,2.0602444191385985
nyc,2018,p10,ridge,1.2516666666666652,4.85495883694702,-3.603292170280355
nyc,2019,p10,ridge,2.4275000000000375,1.6997028009945154,0.7277971990055221
nyc,2022,p10,ridge,10.330000000000013,1.0321865038380338,9.297813496161979
nyc,2023,p10,ridge,1.6608333333333576,3.9045467270370864,-2.243713393703729
nyc,2024,p10,ridge,7.344166666666666,3.4628317399960906,3.8813349266705757
boston,2005,p25,ridge,6.527083333333309,0.11586396679658151,6.411219366536727
boston,2006,p25,ridge,0.36041666666667993,0.9595229533339023,-0.5991062866672223
boston,2007,p25,ridge,3.1937499999999943,9.110234783144534,-5.91648478314454
boston,2008,p25,ridge,0.4270833333333144,0.3105177929822389,0.11656554035107547
boston,2009,p25,ridge,0.9666666666666686,1.1252845351347958,-0.1586178684681272
boston,2010,p25,ridge,0.8083333333333087,6.139070283331904,-5.330736949998595
boston,2011,p25,ridge,1.4374999999999716,3.0762756391436596,-1.638775639143688
boston,2012,p25,ridge,19.54374999999999,10.66025971992866,8.883490280071328
boston,2013,p25,ridge,5.966666666666669,4.028852875397803,1.9378137912688658
boston,2014,p25,ridge,0.41041666666663446,3.082897684995345,-2.6724810183287104
boston,2015,p25,ridge,6.916666666666657,2.965751974289418,3.950914692377239
boston,2016,p25,ridge,1.2770833333333087,3.768638422543404,-2.4915550892100953
boston,2017,p25,ridge,3.1604166666666345,4.406313294009578,-1.245896627342944
boston,2018,p25,ridge,0.7708333333333144,16.66226418324564,-15.891430849912325
boston,2019,p25,ridge,5.116666666666674,9.791762001365868,-4.6750953346991935
chicago,2005,p25,ridge,1.4624999999999773,7.495986968009532,-6.033486968009555
chicago,2006,p25,ridge,3.5291666666666686,6.512114272813051,-2.982947606146382
chicago,2007,p25,ridge,27.308333333333337,8.612858922321834,18.695474411011503
chicago,2008,p25,ridge,15.558333333333337,2.8208923719149936,12.737440961418343
chicago,2009,p25,ridge,2.2416666666666742,6.403468545506598,-4.161801878839924
chicago,2010,p25,ridge,11.07499999999996,3.516320313025716,7.558679686974244
chicago,2011,p25,ridge,8.07499999999996,0.26535261226240436,7.809647387737556
chicago,2012,p25,ridge,0.1416666666666515,7.963627859900811,-7.821961193234159
chicago,2013,p25,ridge,1.0749999999999602,0.06177246464784503,1.0132275353521152
chicago,2014,p25,ridge,0.10833333333332007,0.34533553713964693,-0.23700220380632686
chicago,2015,p25,ridge,1.4749999999999943,4.8400527230251384,-3.365052723025144
chicago,2016,p25,ridge,0.03333333333333144,2.1714764773393824,-2.138143144006051
chicago,2017,p25,ridge,7.60833333333332,4.646099038205023,2.9622342951282974
chicago,2018,p25,ridge,2.2083333333333144,3.032338378907639,-0.8240050455743244
chicago,2019,p25,ridge,7.208333333333314,0.49967615324661097,6.708657180086703
chicago,2022,p25,ridge,8.924999999999983,9.366025491395817,-0.441025491395834
chicago,2023,p25,ridge,17.625,12.8444622562196,4.7805377437804
nyc,2005,p25,ridge,9.754166666666691,2.4410249574304146,7.313141709236277
nyc,2006,p25,ridge,2.766666666666623,3.448456754344818,-0.6817900876781948
nyc,2007,p25,ridge,1.6166666666666458,3.8774511971925563,-2.2607845305259104
nyc,2008,p25,ridge,5.766666666666623,6.347523251690376,-0.5808565850237528
nyc,2009,p25,ridge,5.416666666666629,6.794703249618806,-1.378036582952177
nyc,2010,p25,ridge,3.5916666666666686,1.3097063291824327,2.281960337484236
nyc,2011,p25,ridge,3.44999999999996,3.48501786105345,-0.035017861053489696
nyc,2013,p25,ridge,1.6999999999999602,0.5676687429119625,1.1323312570879978
nyc,2014,p25,ridge,2.5666666666666913,9.224857493198272,-6.65819082653158
nyc,2015,p25,ridge,5.633333333333326,1.3642348605031884,4.269098472830137
nyc,2016,p25,ridge,4.708333333333343,2.1010497150850256,2.6072836182483172
nyc,2017,p25,ridge,3.0,0.6543665566299239,2.345633443370076
nyc,2018,p25,ridge,2.98333333333332,5.5604437183683615,-2.5771103850350414
nyc,2019,p25,ridge,0.11666666666664582,3.082475272602494,-2.965808605935848
nyc,2022,p25,ridge,13.8125,6.7851817112795345,7.0273182887204655
nyc,2023,p25,ridge,1.73333333333332,4.365866765292054,-2.632533431958734
nyc,2024,p25,ridge,6.43333333333328,7.007280681622831,-0.5739473482895505
boston,2005,p50,ridge,7.154166666666697,3.5762524143326573,3.5779142523340397
boston,2006,p50,ridge,2.366666666666646,1.195735819938676,1.1709308467279698
boston,2007,p50,ridge,2.7708333333333144,4.494783819309276,-1.723950485975962
boston,2008,p50,ridge,0.612499999999983,2.865808835493027,-2.253308835493044
boston,2009,p50,ridge,3.066666666666663,0.2874422088861195,2.7792244577805434
boston,2010,p50,ridge,2.866666666666646,0.31341719138416124,2.5532494752824846
boston,2011,p50,ridge,2.1666666666666856,2.468398339459185,-0.30173167279249924
boston,2012,p50,ridge,25.17083333333332,14.301840664217224,10.868992669116096
boston,2013,p50,ridge,6.2666666666666515,5.3908762123838585,0.875790454282793
boston,2014,p50,ridge,6.337499999999977,3.472651259220271,2.8648487407797063
boston,2015,p50,ridge,7.4833333333333485,4.814434487717278,2.66889884561607
boston,2016,p50,ridge,2.1875,1.363459148933373,0.8240408510666271
boston,2017,p50,ridge,5.762500000000017,1.6996658897095358,4.062834110290481
boston,2018,p50,ridge,2.70416666666668,12.205085879802056,-9.500919213135376
boston,2019,p50,ridge,1.5749999999999886,8.485269063769692,-6.910269063769704
chicago,2005,p50,ridge,4.608333333333292,6.184693329281288,-1.5763599959479961
chicago,2006,p50,ridge,6.408333333333303,1.7672031869659008,4.641130146367402
chicago,2007,p50,ridge,27.59166666666664,10.419874567248087,17.171792099418553
chicago,2008,p50,ridge,16.274999999999977,4.889813434483983,11.385186565515994
chicago,2009,p50,ridge,4.024999999999977,4.166868358962972,-0.141868358962995
chicago,2010,p50,ridge,13.21666666666664,2.8134774965289466,10.403189170137694
chicago,2011,p50,ridge,10.449999999999989,0.5519647356132396,9.898035264386749
chicago,2012,p50,ridge,0.05833333333333712,6.242488528822662,-6.184155195489325
chicago,2013,p50,ridge,0.01666666666665151,1.531531059726717,-1.5148643930600656
chicago,2014,p50,ridge,0.04166666666662877,1.7213915286911288,-1.6797248620245
chicago,2015,p50,ridge,3.3249999999999886,4.169565212937869,-0.84456521293788
chicago,2016,p50,ridge,0.9583333333333144,1.7646578624087397,-0.8063245290754253
chicago,2017,p50,ridge,15.291666666666629,8.597517442817605,6.694149223849024
chicago,2018,p50,ridge,0.05833333333328028,2.065671541631218,-2.007338208297938
chicago,2019,p50,ridge,5.350000000000023,1.3675782950948019,3.982421704905221
chicago,2022,p50,ridge,5.691666666666663,9.075926775693517,-3.3842601090268545
chicago,2023,p50,ridge,15.775000000000006,14.622430407693543,1.1525695923064632
nyc,2005,p50,ridge,12.791666666666686,6.084942736003256,6.706723930663429
nyc,2006,p50,ridge,6.249999999999943,2.1148423206614666,4.1351576793384766
nyc,2007,p50,ridge,4.883333333333326,4.549598114544267,0.33373521878905876
nyc,2008,p50,ridge,9.283333333333303,5.173349102949544,4.109984230383759
nyc,2009,p50,ridge,9.483333333333292,9.143779652069725,0.3395536812635669
nyc,2010,p50,ridge,7.199999999999989,3.0045129921396097,4.195487007860379
nyc,2011,p50,ridge,5.816666666666663,4.612754101213056,1.2039125654536065
nyc,2013,p50,ridge,6.199999999999989,2.405644339447406,3.7943556605525828
nyc,2014,p50,ridge,1.4416666666667197,7.253042105578061,-5.811375438911341
nyc,2015,p50,ridge,7.375,2.768577102056611,4.606422897943389
nyc,2016,p50,ridge,5.708333333333314,5.575883213957468,0.1324501193758465
nyc,2017,p50,ridge,4.691666666666663,0.4935926427376671,4.198074023928996
nyc,2018,p50,ridge,6.275000000000034,6.714323329126898,-0.43932332912686434
nyc,2019,p50,ridge,3.441666666666663,4.456861540994282,-1.0151948743276193
nyc,2022,p50,ridge,18.991666666666674,6.446144030750247,12.545522635916427
nyc,2023,p50,ridge,7.025000000000034,3.3467114204730137,3.6782885795270204
nyc,2024,p50,ridge,4.983333333333292,2.2314190084037477,2.751914324929544
boston,2005,p75,ridge,6.449999999999989,3.654781686404334,2.7952183135956545
boston,2006,p75,ridge,5.8916666666666515,1.936161808115088,3.9555048585515635
boston,2007,p75,ridge,0.32500000000001705,4.450913270966424,-4.125913270966407
boston,2008,p75,ridge,3.9749999999999943,5.138391087670755,-1.1633910876707603
boston,2009,p75,ridge,7.191666666666691,2.9946231230013893,4.197043543665302
boston,2010,p75,ridge,6.724999999999994,3.9070361694420797,2.8179638305579147
boston,2011,p75,ridge,5.824999999999989,6.7331973315369,-0.9081973315369112
boston,2012,p75,ridge,32.25,19.545459552039404,12.704540447960596
boston,2013,p75,ridge,7.645833333333314,6.025326040866929,1.6205072924663853
boston,2014,p75,ridge,19.633333333333326,15.648018998063606,3.9853143352697202
boston,2015,p75,ridge,9.191666666666691,7.221188470553045,1.9704781961136462
boston,2016,p75,ridge,3.6499999999999773,1.8385853845477413,1.811414615452236
boston,2017,p75,ridge,8.733333333333348,1.3102347973682527,7.423098535965096
boston,2018,p75,ridge,9.25,16.17735347034929,-6.9273534703492885
boston,2019,p75,ridge,5.933333333333337,5.138360747986155,0.7949725853471818
chicago,2005,p75,ridge,13.618750000000034,12.897351863986671,0.721398136013363
chicago,2006,p75,ridge,13.268750000000011,1.8460367323802416,11.42271326761977
chicago,2007,p75,ridge,21.275000000000034,2.4900271975005808,18.784972802499453
chicago,2008,p75,ridge,13.575000000000045,1.4845696521683749,12.09043034783167
chicago,2009,p75,ridge,9.602083333333383,0.8283796619853092,8.773703671348073
chicago,2010,p75,ridge,13.191666666666663,1.1170254678688138,12.074641198797849
chicago,2011,p75,ridge,8.850000000000023,2.53377879006797,6.316221209932053
chicago,2012,p75,ridge,4.239583333333314,3.501415279971866,0.7381680533614485
chicago,2013,p75,ridge,2.8354166666666742,3.9364193034102186,-1.1010026367435444
chicago,2014,p75,ridge,1.160416666666606,2.930154336559781,-1.7697376698931748
chicago,2015,p75,ridge,3.22083333333336,6.726579662641768,-3.5057463293084083
chicago,2016,p75,ridge,2.5458333333333485,0.47415771664685735,2.071675616686491
chicago,2017,p75,ridge,20.39166666666671,10.509038015852752,9.882628650813956
chicago,2018,p75,ridge,2.6416666666667084,0.5109464305854772,2.130720236081231
chicago,2019,p75,ridge,2.0854166666666742,1.7120951914524198,0.3733214752142544
chicago,2022,p75,ridge,1.3854166666666856,6.011513498258182,-4.6260968315914965
chicago,2023,p75,ridge,11.385416666666686,10.594610288431454,0.7908063782352315
nyc,2005,p75,ridge,9.245833333333337,5.657927571605967,3.58790576172737
nyc,2006,p75,ridge,12.329166666666652,4.362197889826575,7.966968776840076
nyc,2007,p75,ridge,10.429166666666617,7.014068442716109,3.4150982239505083
nyc,2008,p75,ridge,13.77916666666664,6.395840374615432,7.383326292051208
nyc,2009,p75,ridge,14.645833333333314,10.752617343734812,3.8932159895985023
nyc,2010,p75,ridge,10.679166666666617,3.900647827603393,6.778518839063224
nyc,2011,p75,ridge,8.662499999999966,5.9887708847714975,2.6737291152284683
nyc,2013,p75,ridge,10.295833333333292,4.011883544958039,6.283949788375253
nyc,2014,p75,ridge,2.77916666666664,6.44358587158149,-3.66441920491485
nyc,2015,p75,ridge,5.612500000000011,1.0748304575886891,4.537669542411322
nyc,2016,p75,ridge,4.095833333333303,5.610059859368221,-1.5142265260349177
nyc,2017,p75,ridge,4.429166666666674,1.3880302911032913,3.041136375563383
nyc,2018,p75,ridge,7.083333333333314,8.083093798836444,-0.9997604655031296
nyc,2019,p75,ridge,4.833333333333314,6.081309590062574,-1.2479762567292596
nyc,2022,p75,ridge,22.395833333333314,9.375294606374382,13.020538726958932
nyc,2023,p75,ridge,11.02916666666664,7.026142738030217,4.0030239286364235
nyc,2024,p75,ridge,1.3166666666667197,0.29523445667109627,1.0214322099956235
boston,2005,p90,ridge,4.014166666666654,2.598775913493739,1.4153907531729146
boston,2006,p90,ridge,7.971666666666636,4.106192176934087,3.8654744897325486
boston,2007,p90,ridge,0.31416666666666515,11.378372186933689,-11.064205520267024
boston,2008,p90,ridge,4.560000000000002,5.068466390335232,-0.5084663903352293
boston,2009,p90,ridge,8.99333333333334,5.222216649052768,3.771116684280571
boston,2010,p90,ridge,8.216666666666697,5.268292835067655,2.948373831599042
boston,2011,p90,ridge,7.838333333333367,12.806337508950662,-4.9680041756172955
boston,2012,p90,ridge,40.04416666666668,25.307173321678647,14.736993344988036
boston,2013,p90,ridge,4.328333333333376,4.5064798079252455,-0.17814647459186972
boston,2014,p90,ridge,30.73083333333335,23.13464979662666,7.59618353670669
boston,2015,p90,ridge,7.0,9.487566724714952,-2.487566724714952
boston,2016,p90,ridge,6.817500000000052,7.474787562078745,-0.6572875620786931
boston,2017,p90,ridge,11.43083333333334,9.457612639737249,1.9732206935960903
boston,2018,p90,ridge,21.355833333333294,29.69046837218292,-8.334635038849626
boston,2019,p90,ridge,11.097500000000025,13.123385961597421,-2.025885961597396
chicago,2005,p90,ridge,21.258333333333383,13.009721273391165,8.248612059942218
chicago,2006,p90,ridge,20.216666666666697,3.523574094322953,16.693092572343744
chicago,2007,p90,ridge,1.7091666666667038,13.570967081518972,-11.861800414852269
chicago,2008,p90,ridge,6.509166666666658,1.48738438663338,5.021782280033278
chicago,2009,p90,ridge,13.925000000000011,5.004691618889353,8.920308381110658
chicago,2010,p90,ridge,7.159166666666692,1.9346481644758455,5.224518502190847
chicago,2011,p90,ridge,2.392500000000041,6.035965887191196,-3.643465887191155
chicago,2012,p90,ridge,6.925000000000011,7.855919876265659,-0.9309198762656479
chicago,2013,p90,ridge,6.994999999999948,5.193015776448874,1.8019842235510737
chicago,2014,p90,ridge,2.7316666666666833,2.7305897256245544,0.001076941042128965
chicago,2015,p90,ridge,2.443333333333385,13.27503973023471,-10.831706396901325
chicago,2016,p90,ridge,0.7341666666666242,1.7601618695559864,-1.0259952028893622
chicago,2017,p90,ridge,19.659166666666692,8.93409855172149,10.725068114945202
chicago,2018,p90,ridge,2.825833333333378,0.3459920382013024,2.4798412951320756
chicago,2019,p90,ridge,2.1841666666666697,5.104549763950843,-2.920383097284173
chicago,2022,p90,ridge,3.802500000000066,1.2697683981989485,2.5327316018011174
chicago,2023,p90,ridge,6.291666666666686,6.285303070335431,0.006363596331254939
nyc,2005,p90,ridge,2.6166666666666742,8.701651642846002,-6.084984976179328
nyc,2006,p90,ridge,17.55000000000001,2.575241631030167,14.974758368969844
nyc,2007,p90,ridge,15.583333333333371,8.82492372711306,6.758409606220312
nyc,2008,p90,ridge,16.700000000000045,2.9473266999473253,13.75267330005272
nyc,2009,p90,ridge,18.07166666666666,6.70166249552932,11.370004171137339
nyc,2010,p90,ridge,13.04000000000002,0.1620170530749192,12.877982946925101
nyc,2011,p90,ridge,13.716666666666697,8.103479948867118,5.613186717799579
nyc,2013,p90,ridge,12.973333333333358,2.827364268512383,10.145969064820974
nyc,2014,p90,ridge,2.8166666666667197,12.400781122449473,-9.584114455782753
nyc,2015,p90,ridge,2.4833333333333485,1.03641235023332,1.4469209831000285
nyc,2016,p90,ridge,0.33333333333337123,1.0282412107106325,-0.6949078773772612
nyc,2017,p90,ridge,3.8333333333333712,4.0957774580869,-0.26244412475352874
nyc,2018,p90,ridge,7.050000000000011,7.72832288212976,-0.6783228821297485
nyc,2019,p90,ridge,6.133333333333326,6.058435977244017,0.07489735608930914
nyc,2022,p90,ridge,21.514999999999986,5.782456264933842,15.732543735066145
nyc,2023,p90,ridge,13.100000000000023,7.175791034950294,5.924208965049729
nyc,2024,p90,ridge,4.576666666666654,0.30507876684259827,4.2715878998240555
boston,2005,p10,gbm_histogramas,6.534999999999997,3.58942961188464,2.9455703881153568
boston,2006,p10,gbm_histogramas,1.0916666666666401,2.475303258129742,-1.3836365914631017
boston,2007,p10,gbm_histogramas,3.5250000000000057,5.167431929428005,-1.6424319294279996
boston,2008,p10,gbm_histogramas,1.0733333333333235,1.2639987033340958,-0.19066537000077233
boston,2009,p10,gbm_histogramas,0.6516666666666708,2.854081323166355,-2.202414656499684
boston,2010,p10,gbm_histogramas,0.42166666666665265,0.40812258105697197,0.013544085609680678
boston,2011,p10,gbm_histogramas,1.2849999999999682,0.29861837815172976,0.9863816218482384
boston,2012,p10,gbm_histogramas,15.52333333333334,2.6179769762957505,12.90535635703759
boston,2013,p10,gbm_histogramas,6.856666666666712,5.963636258260209,0.8930304084065028
boston,2014,p10,gbm_histogramas,3.301666666666648,2.5765400605571642,0.7251266061094839
boston,2015,p10,gbm_histogramas,8.023333333333312,6.28236019369254,1.7409731396407722
boston,2016,p10,gbm_histogramas,1.1733333333333178,2.700086316500375,-1.5267529831670572
boston,2017,p10,gbm_histogramas,1.671666666666681,8.39786673253522,-6.7262000658685395
boston,2018,p10,gbm_histogramas,2.734999999999985,4.901238156942412,-2.166238156942427
boston,2019,p10,gbm_histogramas,7.851666666666688,9.509044679614647,-1.6573780129479587
chicago,2005,p10,gbm_histogramas,0.9666666666666686,2.1127265175984746,-1.146059850931806
chicago,2006,p10,gbm_histogramas,3.2749999999999773,2.223658135026483,1.0513418649734945
chicago,2007,p10,gbm_histogramas,23.18333333333328,12.57807206887827,10.60526126445501
chicago,2008,p10,gbm_histogramas,12.173333333333318,2.4667277151062024,9.706605618227115
chicago,2009,p10,gbm_histogramas,1.7449999999999761,0.6202576926840777,1.1247423073158984
chicago,2010,p10,gbm_histogramas,7.649999999999977,5.583261395668842,2.0667386043311353
chicago,2011,p10,gbm_histogramas,6.68333333333328,0.2889969313983727,6.394336401934908
chicago,2012,p10,gbm_histogramas,0.8333333333333144,4.722335437607512,-3.889002104274198
chicago,2013,p10,gbm_histogramas,1.299999999999983,1.7274151247933105,-0.42741512479332755
chicago,2014,p10,gbm_histogramas,1.2083333333333144,0.2272155650927914,0.981117768240523
chicago,2015,p10,gbm_histogramas,0.09166666666664014,1.8981357341974956,-1.8064690675308555
chicago,2016,p10,gbm_histogramas,0.7416666666666742,1.334265512961025,-0.5925988462943508
chicago,2017,p10,gbm_histogramas,3.916666666666657,3.8477747540977134,0.06889191256894378
chicago,2018,p10,gbm_histogramas,3.7749999999999773,3.48788192214829,0.2871180778516873
chicago,2019,p10,gbm_histogramas,9.549999999999983,0.9323689702711988,8.617631029728784
chicago,2022,p10,gbm_histogramas,10.801666666666677,4.021981722708347,6.77968494395833
chicago,2023,p10,gbm_histogramas,18.65833333333336,12.608574034838142,6.049759298495218
nyc,2005,p10,gbm_histogramas,8.625,2.401430284183732,6.223569715816268
nyc,2006,p10,gbm_histogramas,1.1941666666666606,0.48222246259391,0.7119442040727506
nyc,2007,p10,gbm_histogramas,0.08083333333331666,0.24378705091979214,-0.16295371758647548
nyc,2008,p10,gbm_histogramas,3.360833333333346,2.3620345469749395,0.9987987863584067
nyc,2009,p10,gbm_histogramas,2.7725000000000364,3.1757214162816183,-0.4032214162815819
nyc,2010,p10,gbm_histogramas,1.1708333333333485,0.06586910474993601,1.1049642285834125
nyc,2011,p10,gbm_histogramas,2.2158333333333644,2.5757242899676953,-0.3598909566343309
nyc,2013,p10,gbm_histogramas,2.170000000000016,0.22283913816411882,1.947160861835897
nyc,2014,p10,gbm_histogramas,4.835000000000008,4.705476400441086,0.12952359955892234
nyc,2015,p10,gbm_histogramas,6.163333333333327,4.539157350123332,1.6241759832099945
nyc,2016,p10,gbm_histogramas,4.780000000000001,1.9780234617230974,2.8019765382769037
nyc,2017,p10,gbm_histogramas,2.629999999999967,1.7404204795528528,0.8895795204471142
nyc,2018,p10,gbm_histogramas,1.2516666666666652,1.0143906463926555,0.23727602027400962
nyc,2019,p10,gbm_histogramas,2.4275000000000375,5.466381035372422,-3.038881035372384
nyc,2022,p10,gbm_histogramas,10.330000000000013,4.728984032698435,5.601015967301578
nyc,2023,p10,gbm_histogramas,1.6608333333333576,9.033887750942341,-7.373054417608984
nyc,2024,p10,gbm_histogramas,7.344166666666666,0.563645669305231,6.780520997361435
boston,2005,p25,gbm_histogramas,6.527083333333309,3.880187774283087,2.646895559050222
boston,2006,p25,gbm_histogramas,0.36041666666667993,1.0568063382187631,-0.6963896715520832
boston,2007,p25,gbm_histogramas,3.1937499999999943,4.2213369154241605,-1.0275869154241661
boston,2008,p25,gbm_histogramas,0.4270833333333144,1.0520927837210365,-0.6250094503877222
boston,2009,p25,gbm_histogramas,0.9666666666666686,3.116839099577902,-2.1501724329112335
boston,2010,p25,gbm_histogramas,0.8083333333333087,0.4603329936992111,0.3480003396340976
boston,2011,p25,gbm_histogramas,1.4374999999999716,0.8324846210942951,0.6050153789056765
boston,2012,p25,gbm_histogramas,19.54374999999999,1.131683425561448,18.41206657443854
boston,2013,p25,gbm_histogramas,5.966666666666669,4.09164809960663,1.8750185670600388
boston,2014,p25,gbm_histogramas,0.41041666666663446,1.383429118502221,-0.9730124518355865
boston,2015,p25,gbm_histogramas,6.916666666666657,5.759775802876078,1.1568908637905793
boston,2016,p25,gbm_histogramas,1.2770833333333087,1.0855841858385702,0.1914991474947385
boston,2017,p25,gbm_histogramas,3.1604166666666345,7.707735193989151,-4.547318527322517
boston,2018,p25,gbm_histogramas,0.7708333333333144,5.097188361093714,-4.3263550277604
boston,2019,p25,gbm_histogramas,5.116666666666674,9.568248252600114,-4.4515815859334396
chicago,2005,p25,gbm_histogramas,1.4624999999999773,3.8836470155733878,-2.4211470155734105
chicago,2006,p25,gbm_histogramas,3.5291666666666686,0.973465679789399,2.5557009868772695
chicago,2007,p25,gbm_histogramas,27.308333333333337,12.637886223790389,14.670447109542948
chicago,2008,p25,gbm_histogramas,15.558333333333337,3.5313891687092394,12.026944164624098
chicago,2009,p25,gbm_histogramas,2.2416666666666742,2.3338201683873763,-0.09215350172070202
chicago,2010,p25,gbm_histogramas,11.07499999999996,6.461791787710837,4.613208212289123
chicago,2011,p25,gbm_histogramas,8.07499999999996,0.5860647715403786,7.488935228459582
chicago,2012,p25,gbm_histogramas,0.1416666666666515,6.83897636045117,-6.6973096937845185
chicago,2013,p25,gbm_histogramas,1.0749999999999602,1.1443315666368221,-0.06933156663686191
chicago,2014,p25,gbm_histogramas,0.10833333333332007,0.6583666357490756,-0.5500333024157555
chicago,2015,p25,gbm_histogramas,1.4749999999999943,3.029226904369807,-1.5542269043698127
chicago,2016,p25,gbm_histogramas,0.03333333333333144,0.05994990099875963,-0.026616567665428192
chicago,2017,p25,gbm_histogramas,7.60833333333332,5.533100654324642,2.0752326790086784
chicago,2018,p25,gbm_histogramas,2.2083333333333144,3.5577826146398763,-1.349449281306562
chicago,2019,p25,gbm_histogramas,7.208333333333314,2.915269530719769,4.2930638026135455
chicago,2022,p25,gbm_histogramas,8.924999999999983,4.164963840185408,4.760036159814575
chicago,2023,p25,gbm_histogramas,17.625,14.162570299387681,3.4624297006123186
nyc,2005,p25,gbm_histogramas,9.754166666666691,4.2745831513528,5.479583515313891
nyc,2006,p25,gbm_histogramas,2.766666666666623,1.3334126017350911,1.433254064931532
nyc,2007,p25,gbm_histogramas,1.6166666666666458,0.40083896154357035,1.2158277051230755
nyc,2008,p25,gbm_histogramas,5.766666666666623,3.233654087643856,2.533012579022767
nyc,2009,p25,gbm_histogramas,5.416666666666629,5.093825084650746,0.322841582015883
nyc,2010,p25,gbm_histogramas,3.5916666666666686,0.10302409352775044,3.488642573138918
nyc,2011,p25,gbm_histogramas,3.44999999999996,4.814223710072554,-1.3642237100725936
nyc,2013,p25,gbm_histogramas,1.6999999999999602,0.02346741218903503,1.6765325878109252
nyc,2014,p25,gbm_histogramas,2.5666666666666913,2.6073825396971415,-0.04071587303045021
nyc,2015,p25,gbm_histogramas,5.633333333333326,4.623762930427546,1.00957040290578
nyc,2016,p25,gbm_histogramas,4.708333333333343,3.6223103714120555,1.0860229619212873
nyc,2017,p25,gbm_histogramas,3.0,0.7627799328119238,2.237220067188076
nyc,2018,p25,gbm_histogramas,2.98333333333332,1.6324538348272313,1.3508794985060888
nyc,2019,p25,gbm_histogramas,0.11666666666664582,6.249800430132524,-6.133133763465878
nyc,2022,p25,gbm_histogramas,13.8125,3.770648958987664,10.041851041012336
nyc,2023,p25,gbm_histogramas,1.73333333333332,8.076872184487343,-6.3435388511540225
nyc,2024,p25,gbm_histogramas,6.43333333333328,1.0520265024883315,5.381306830844949
boston,2005,p50,gbm_histogramas,7.154166666666697,5.725312082546907,1.4288545841197902
boston,2006,p50,gbm_histogramas,2.366666666666646,3.671058372820653,-1.3043917061540071
boston,2007,p50,gbm_histogramas,2.7708333333333144,4.838388364861515,-2.067555031528201
boston,2008,p50,gbm_histogramas,0.612499999999983,1.1074081765671906,-0.49490817656720765
boston,2009,p50,gbm_histogramas,3.066666666666663,1.7440361895276055,1.3226304771390573
boston,2010,p50,gbm_histogramas,2.866666666666646,2.652502945680453,0.21416372098619263
boston,2011,p50,gbm_histogramas,2.1666666666666856,0.7836648974417528,1.3830017692249328
boston,2012,p50,gbm_histogramas,25.17083333333332,4.89077380876347,20.28005952456985
boston,2013,p50,gbm_histogramas,6.2666666666666515,3.5733997568288487,2.693266909837803
boston,2014,p50,gbm_histogramas,6.337499999999977,3.3715762005565466,2.9659237994434307
boston,2015,p50,gbm_histogramas,7.4833333333333485,6.461552033808999,1.0217812995243492
boston,2016,p50,gbm_histogramas,2.1875,1.4565044308524193,0.7309955691475807
boston,2017,p50,gbm_histogramas,5.762500000000017,1.0813143231426352,4.681185676857382
boston,2018,p50,gbm_histogramas,2.70416666666668,5.995366767823128,-3.2912001011564485
boston,2019,p50,gbm_histogramas,1.5749999999999886,6.118076643033049,-4.543076643033061
chicago,2005,p50,gbm_histogramas,4.608333333333292,3.1025066361063978,1.5058266972268939
chicago,2006,p50,gbm_histogramas,6.408333333333303,1.4101929804114093,4.998140352921894
chicago,2007,p50,gbm_histogramas,27.59166666666664,10.242178847222362,17.349487819444278
chicago,2008,p50,gbm_histogramas,16.274999999999977,2.5587244874529915,13.716275512546986
chicago,2009,p50,gbm_histogramas,4.024999999999977,2.168982412021876,1.8560175879781013
chicago,2010,p50,gbm_histogramas,13.21666666666664,4.001799978547751,9.214866688118889
chicago,2011,p50,gbm_histogramas,10.449999999999989,2.3183543852406387,8.13164561475935
chicago,2012,p50,gbm_histogramas,0.05833333333333712,5.947375090527146,-5.889041757193809
chicago,2013,p50,gbm_histogramas,0.01666666666665151,3.1009777959302482,-3.0843111292635967
chicago,2014,p50,gbm_histogramas,0.04166666666662877,1.8512359106009626,-1.8095692439343338
chicago,2015,p50,gbm_histogramas,3.3249999999999886,0.41835009870430895,2.9066499012956797
chicago,2016,p50,gbm_histogramas,0.9583333333333144,1.4747270007299562,-0.5163936673966418
chicago,2017,p50,gbm_histogramas,15.291666666666629,7.185992504308274,8.105674162358355
chicago,2018,p50,gbm_histogramas,0.05833333333328028,1.654182285601678,-1.5958489522683976
chicago,2019,p50,gbm_histogramas,5.350000000000023,0.5499977453355314,4.800002254664491
chicago,2022,p50,gbm_histogramas,5.691666666666663,7.181704648258346,-1.4900379815916835
chicago,2023,p50,gbm_histogramas,15.775000000000006,13.279658105954667,2.495341894045339
nyc,2005,p50,gbm_histogramas,12.791666666666686,7.8035674473456424,4.988099219321043
nyc,2006,p50,gbm_histogramas,6.249999999999943,2.494135477244299,3.755864522755644
nyc,2007,p50,gbm_histogramas,4.883333333333326,3.0525521868967758,1.83078114643655
nyc,2008,p50,gbm_histogramas,9.283333333333303,1.7750548899052774,7.508278443428026
nyc,2009,p50,gbm_histogramas,9.483333333333292,5.551997343984397,3.931335989348895
nyc,2010,p50,gbm_histogramas,7.199999999999989,1.6123444110020841,5.5876555889979045
nyc,2011,p50,gbm_histogramas,5.816666666666663,3.3815450866837296,2.4351215799829333
nyc,2013,p50,gbm_histogramas,6.199999999999989,0.8176986524121617,5.382301347587827
nyc,2014,p50,gbm_histogramas,1.4416666666667197,3.3579908516462638,-1.916324184979544
nyc,2015,p50,gbm_histogramas,7.375,4.832964477928499,2.542035522071501
nyc,2016,p50,gbm_histogramas,5.708333333333314,3.7012640253578297,2.0070693079754847
nyc,2017,p50,gbm_histogramas,4.691666666666663,3.15962483477324,1.532041831893423
nyc,2018,p50,gbm_histogramas,6.275000000000034,6.103239258756844,0.1717607412431903
nyc,2019,p50,gbm_histogramas,3.441666666666663,6.729279622329386,-3.2876129556627234
nyc,2022,p50,gbm_histogramas,18.991666666666674,2.895240860967874,16.0964258056988
nyc,2023,p50,gbm_histogramas,7.025000000000034,5.394297335740362,1.6307026642596725
nyc,2024,p50,gbm_histogramas,4.983333333333292,0.5744586249641657,4.408874708369126
boston,2005,p75,gbm_histogramas,6.449999999999989,7.116221453987805,-0.6662214539878164
boston,2006,p75,gbm_histogramas,5.8916666666666515,0.4536820424686141,5.437984624198037
boston,2007,p75,gbm_histogramas,0.32500000000001705,2.5673342966509267,-2.2423342966509097
boston,2008,p75,gbm_histogramas,3.9749999999999943,3.50910660962586,0.46589339037413424
boston,2009,p75,gbm_histogramas,7.191666666666691,1.3955742036766878,5.7960924629900035
boston,2010,p75,gbm_histogramas,6.724999999999994,0.3815817553795,6.343418244620494
boston,2011,p75,gbm_histogramas,5.824999999999989,4.0289179437880875,1.796082056211901
boston,2012,p75,gbm_histogramas,32.25,11.34535814445195,20.90464185554805
boston,2013,p75,gbm_histogramas,7.645833333333314,2.434655406680264,5.2111779266530505
boston,2014,p75,gbm_histogramas,19.633333333333326,17.115303877153195,2.5180294561801304
boston,2015,p75,gbm_histogramas,9.191666666666691,12.198958696297211,-3.00729202963052
boston,2016,p75,gbm_histogramas,3.6499999999999773,7.080955932569623,-3.4309559325696455
boston,2017,p75,gbm_histogramas,8.733333333333348,2.51264854660576,6.220684786727588
boston,2018,p75,gbm_histogramas,9.25,15.49552260843376,-6.24552260843376
boston,2019,p75,gbm_histogramas,5.933333333333337,5.012341025453395,0.920992307879942
chicago,2005,p75,gbm_histogramas,13.618750000000034,10.93011406976973,2.688635930230305
chicago,2006,p75,gbm_histogramas,13.268750000000011,8.598101877377871,4.67064812262214
chicago,2007,p75,gbm_histogramas,21.275000000000034,6.237708694226001,15.037291305774033
chicago,2008,p75,gbm_histogramas,13.575000000000045,1.5994574357940792,11.975542564205966
chicago,2009,p75,gbm_histogramas,9.602083333333383,0.5514105206191289,9.050672812714254
chicago,2010,p75,gbm_histogramas,13.191666666666663,0.3252455132442833,12.86642115342238
chicago,2011,p75,gbm_histogramas,8.850000000000023,4.2788250589597965,4.571174941040226
chicago,2012,p75,gbm_histogramas,4.239583333333314,5.043439085764305,-0.8038557524309908
chicago,2013,p75,gbm_histogramas,2.8354166666666742,3.2702110657253343,-0.43479439905866
chicago,2014,p75,gbm_histogramas,1.160416666666606,1.4924822072414372,-0.3320655405748312
chicago,2015,p75,gbm_histogramas,3.22083333333336,10.97135985611692,-7.750526522783559
chicago,2016,p75,gbm_histogramas,2.5458333333333485,0.9756776514400372,1.5701556818933113
chicago,2017,p75,gbm_histogramas,20.39166666666671,14.156615461779836,6.235051204886872
chicago,2018,p75,gbm_histogramas,2.6416666666667084,2.392280834418216,0.24938583224849253
chicago,2019,p75,gbm_histogramas,2.0854166666666742,3.3466756113727456,-1.2612589447060714
chicago,2022,p75,gbm_histogramas,1.3854166666666856,8.96951304435072,-7.584096377684034
chicago,2023,p75,gbm_histogramas,11.385416666666686,11.982733279818717,-0.5973166131520316
nyc,2005,p75,gbm_histogramas,9.245833333333337,1.8311698656626163,7.414663467670721
nyc,2006,p75,gbm_histogramas,12.329166666666652,3.3798398567617483,8.949326809904903
nyc,2007,p75,gbm_histogramas,10.429166666666617,0.4119352289118865,10.017231437754731
nyc,2008,p75,gbm_histogramas,13.77916666666664,3.8129248270396374,9.966241839627003
nyc,2009,p75,gbm_histogramas,14.645833333333314,6.880775784279194,7.76505754905412
nyc,2010,p75,gbm_histogramas,10.679166666666617,0.22228712251268234,10.456879544153935
nyc,2011,p75,gbm_histogramas,8.662499999999966,2.0974212803928936,6.565078719607072
nyc,2013,p75,gbm_histogramas,10.295833333333292,4.459013246708196,5.836820086625096
nyc,2014,p75,gbm_histogramas,2.77916666666664,2.96490738667336,-0.18574072000672004
nyc,2015,p75,gbm_histogramas,5.612500000000011,2.3341976605859145,3.278302339414097
nyc,2016,p75,gbm_histogramas,4.095833333333303,0.6315162001963017,3.4643171331370013
nyc,2017,p75,gbm_histogramas,4.429166666666674,4.309316766613335,0.11984990005333884
nyc,2018,p75,gbm_histogramas,7.083333333333314,4.958102978751697,2.1252303545816176
nyc,2019,p75,gbm_histogramas,4.833333333333314,5.4624304676743805,-0.6290971343410661
nyc,2022,p75,gbm_histogramas,22.395833333333314,0.2642678602092019,22.131565473124112
nyc,2023,p75,gbm_histogramas,11.02916666666664,4.081334611017837,6.947832055648803
nyc,2024,p75,gbm_histogramas,1.3166666666667197,1.5542924049314593,-0.23762573826473954
boston,2005,p90,gbm_histogramas,4.014166666666654,9.773162891836364,-5.75899622516971
boston,2006,p90,gbm_histogramas,7.971666666666636,5.879564211679394,2.0921024549872413
boston,2007,p90,gbm_histogramas,0.31416666666666515,0.9180220838417199,-0.6038554171750548
boston,2008,p90,gbm_histogramas,4.560000000000002,6.622499133499161,-2.062499133499159
boston,2009,p90,gbm_histogramas,8.99333333333334,0.6189397480208072,8.374393585312532
boston,2010,p90,gbm_histogramas,8.216666666666697,6.040409935269281,2.176256731397416
boston,2011,p90,gbm_histogramas,7.838333333333367,12.295334954668022,-4.457001621334655
boston,2012,p90,gbm_histogramas,40.04416666666668,28.63201659853604,11.412150068130643
boston,2013,p90,gbm_histogramas,4.328333333333376,5.485964433209119,-1.1576310998757435
boston,2014,p90,gbm_histogramas,30.73083333333335,26.418685617425524,4.312147715907827
boston,2015,p90,gbm_histogramas,7.0,12.762080919291918,-5.762080919291918
boston,2016,p90,gbm_histogramas,6.817500000000052,6.281356296756485,0.5361437032435674
boston,2017,p90,gbm_histogramas,11.43083333333334,0.7661618102027887,10.66467152313055
boston,2018,p90,gbm_histogramas,21.355833333333294,23.399901384059376,-2.044068050726082
boston,2019,p90,gbm_histogramas,11.097500000000025,9.81787788633659,1.2796221136634358
chicago,2005,p90,gbm_histogramas,21.258333333333383,14.158660758397389,7.099672574935994
chicago,2006,p90,gbm_histogramas,20.216666666666697,9.42887091247593,10.787795754190768
chicago,2007,p90,gbm_histogramas,1.7091666666667038,8.266103163481944,-6.55693649681524
chicago,2008,p90,gbm_histogramas,6.509166666666658,2.8713337805501737,3.6378328861164846
chicago,2009,p90,gbm_histogramas,13.925000000000011,1.9003130077188075,12.024686992281204
chicago,2010,p90,gbm_histogramas,7.159166666666692,1.0230678426851227,6.13609882398157
chicago,2011,p90,gbm_histogramas,2.392500000000041,0.6336349566837498,1.7588650433162911
chicago,2012,p90,gbm_histogramas,6.925000000000011,4.07606597720428,2.8489340227957314
chicago,2013,p90,gbm_histogramas,6.994999999999948,1.0957593226296467,5.899240677370301
chicago,2014,p90,gbm_histogramas,2.7316666666666833,6.193579578451988,-3.461912911785305
chicago,2015,p90,gbm_histogramas,2.443333333333385,19.598937079804273,-17.155603746470888
chicago,2016,p90,gbm_histogramas,0.7341666666666242,1.803953071525882,-1.0697864048592578
chicago,2017,p90,gbm_histogramas,19.659166666666692,15.003799909898703,4.6553667567679895
chicago,2018,p90,gbm_histogramas,2.825833333333378,1.1977543126323553,1.6280790207010227
chicago,2019,p90,gbm_histogramas,2.1841666666666697,3.0323145475888396,-0.8481478809221699
chicago,2022,p90,gbm_histogramas,3.802500000000066,0.8117002015949879,2.990799798405078
chicago,2023,p90,gbm_histogramas,6.291666666666686,9.215442446285977,-2.923775779619291
nyc,2005,p90,gbm_histogramas,2.6166666666666742,2.8624967648393635,-0.2458300981726893
nyc,2006,p90,gbm_histogramas,17.55000000000001,2.3175454909293194,15.232454509070692
nyc,2007,p90,gbm_histogramas,15.583333333333371,0.349075351933152,15.23425798140022
nyc,2008,p90,gbm_histogramas,16.700000000000045,3.13247565151255,13.567524348487495
nyc,2009,p90,gbm_histogramas,18.07166666666666,3.135368611118963,14.936298055547695
nyc,2010,p90,gbm_histogramas,13.04000000000002,0.19406137662190304,12.845938623378117
nyc,2011,p90,gbm_histogramas,13.716666666666697,4.242264810874644,9.474401855792053
nyc,2013,p90,gbm_histogramas,12.973333333333358,5.2287453959608,7.7445879373725575
nyc,2014,p90,gbm_histogramas,2.8166666666667197,3.9304665537439973,-1.1137998870772776
nyc,2015,p90,gbm_histogramas,2.4833333333333485,2.3312674476823645,0.152065885650984
nyc,2016,p90,gbm_histogramas,0.33333333333337123,2.3439962264816927,-2.0106628931483215
nyc,2017,p90,gbm_histogramas,3.8333333333333712,4.728493265303314,-0.8951599319699426
nyc,2018,p90,gbm_histogramas,7.050000000000011,3.0079299631892695,4.042070036810742
nyc,2019,p90,gbm_histogramas,6.133333333333326,6.481571907174953,-0.34823857384162693
nyc,2022,p90,gbm_histogramas,21.514999999999986,3.183229629173468,18.33177037082652
nyc,2023,p90,gbm_histogramas,13.100000000000023,8.62870352838928,4.471296471610742
nyc,2024,p90,gbm_histogramas,4.576666666666654,0.8678609706084899,3.708805696058164
