alvo,modelo,mae_sem_atipicas,mae_corpus_completo,delta,n_edicoes
p10,referencia_historica,4.719414893617017,4.720119047619043,-0.0007041540020260584,47
p10,ridge_abs,4.502715341546552,4.067778920803112,0.4349364207434405,47
p10,gbm_histogramas_abs,3.5634366062835556,3.292816706843106,0.2706198994404496,47
p10,ridge_dev,4.008333656262053,4.021328719158066,-0.012995062896012932,47
p10,gbm_histogramas_dev,3.1593920722159012,3.3670893778574205,-0.20769730564151923,47
p25,referencia_historica,5.115336879432607,5.052891156462571,0.062445722970036144,47
p25,ridge_abs,4.634618221010277,4.184327713528192,0.45029050748208554,47
p25,gbm_histogramas_abs,3.956052120922443,3.853967949071002,0.1020841718514407,47
p25,ridge_dev,4.8574963081825855,4.612626114561867,0.24487019362071827,47
p25,gbm_histogramas_dev,3.5642567555342106,3.563123324021175,0.0011334315130357986,47
p50,referencia_historica,6.807535460992898,6.7239795918367244,0.0835558691561733,47
p50,ridge_abs,5.657662063905464,5.330070926794944,0.32759113711052024,47
p50,gbm_histogramas_abs,4.366916310583807,4.1310147568117435,0.2359015537720639,47
p50,ridge_dev,4.662092150217286,4.597219443923774,0.06487270629351194,47
p50,gbm_histogramas_dev,3.682363277573195,3.7786761488805825,-0.0963128713073873,47
p75,referencia_historica,8.920079787234043,8.807865646258504,0.11221414097553861,47
p75,ridge_abs,6.393218745778802,6.591327169068734,-0.1981084232899315,47
p75,gbm_histogramas_abs,5.724172561417234,5.902335909526258,-0.1781633481090239,47
p75,ridge_dev,5.5227811315185065,5.413985032206702,0.1087960993118049,47
p75,gbm_histogramas_dev,5.107045509483106,4.845423415513554,0.26162209396955216,47
p90,referencia_historica,10.037588652482283,9.685085034013621,0.35250361846866163,47
p90,ridge_abs,8.591684203300543,8.568622441517011,0.023061761783532475,47
p90,gbm_histogramas_abs,7.081225928466022,7.115938891892287,-0.03471296342626484,47
p90,ridge_dev,7.253317525054184,7.19198232017901,0.0613352048751743,47
p90,gbm_histogramas_dev,6.516096385637364,6.387526973873064,0.1285694117642997,47
