maratona,ano,data_prova,p10,p25,p50,p75,p90,iqr,n_finishers,ln_n_finishers,pct_M,dia_ano_sin,dia_ano_cos,temp_media,temp_max,temp_min,temp_amplitude,temp_std,bulbo_umido_med,bulbo_umido_max,bulbo_umido_horas_acima_18,bulbo_umido_horas_acima_20,bulbo_umido_horas_acima_22,umidade_med,umidade_max,temp_aparente_med,temp_aparente_max,orvalho_med,vento_med_ms,vento_max_ms,rajada_max_ms,wx_med,wy_med,precipitacao_total_mm,precipitacao_max_horaria_mm,horas_com_chuva,radiacao_med_wm2,radiacao_max_wm2,radiacao_acumulada_whm2,temp_derivada_meia_prova_c,bulbo_derivada_meia_prova_c,hora_pico_radiacao,hora_pico_sin,hora_pico_cos
berlin,2005,2005-09-25,199.36666666666667,221.7,248.08333333333334,277.7,306.3466666666667,56.0,30373,10.321342258290215,0.8068020939650348,-0.994797953706334,-0.10186771471713056,18.0833,22.5,12.2,10.3,3.6011,14.2333,16.4,0.0,0.0,0.0,69.5,90,17.4667,21.9,12.05,2.3867,2.73,6.9,-1.7962,1.5038,0.0,0.0,0.0,445.5,523.0,2673.0,6.3,3.2,12.5,-0.1305,-0.9914
berlin,2006,2006-09-24,203.75333333333336,226.03333333333333,253.51666666666668,284.2791666666667,312.55,58.245833333333366,30182,10.31503413096016,0.7983566364058048,-0.9928984381461724,-0.11896508532713071,22.3,26.9,16.2,10.7,3.6833,15.2667,16.5,0.0,0.0,0.0,49.3333,73,19.8833,24.0,10.5167,5.005,5.52,12.2,-3.2393,3.7966,0.0,0.0,0.0,476.1667,558.0,2857.0,6.4,2.0,12.5,-0.1305,-0.9914
berlin,2007,2007-09-30,197.9,218.93333333333334,242.25,271.74583333333334,300.4083333333333,52.8125,32486,10.38859528829649,0.8003447638982947,-0.9998715088700244,-0.01603015127753844,14.45,15.3,13.0,2.3,0.8539,11.9167,12.4,0.0,0.0,0.0,77.3333,82,12.2667,13.3,10.55,4.5333,5.28,11.4,-2.9163,-3.3643,0.0,0.0,0.0,291.6667,352.0,1750.0,1.5,0.9,12.5,-0.1305,-0.9914
berlin,2008,2008-09-28,196.81833333333333,218.5,242.36666666666667,272.9,301.46333333333337,54.39999999999998,35732,10.48382991054901,0.7927627896563305,-0.999447814243716,-0.03322749770082888,13.8667,17.4,9.3,8.1,2.9124,11.05,12.4,0.0,0.0,0.0,75.3333,93,11.7833,15.0,9.3333,3.6017,4.02,8.8,-0.6963,-3.518,0.0,0.0,0.0,436.1667,537.0,2617.0,5.2667,2.5667,12.5,-0.1305,-0.9914
berlin,2009,2009-09-20,200.6,223.4,250.11666666666667,280.30833333333334,309.1166666666667,56.90833333333333,35015,10.463560378870731,0.7982007710981008,-0.9823690333202907,-0.1869520857689416,19.45,24.3,13.1,11.2,3.9029,14.8,17.5,0.0,0.0,0.0,63.5,79,19.6667,25.1,12.1167,0.9217,1.21,4.5,-0.6799,0.4358,0.0,0.0,0.0,485.6667,568.0,2914.0,6.8333,4.0,12.5,-0.1305,-0.9914
berlin,2010,2010-09-26,197.1,217.68333333333334,241.05,270.56666666666666,298.2583333333333,52.883333333333326,33976,10.433439104100595,0.7822874970567459,-0.9964030804577665,-0.08474019857348533,12.7833,13.1,12.5,0.6,0.2192,12.45,12.7,0.0,0.0,0.0,97.0,99,12.0167,12.4,12.35,2.8783,3.1,6.3,1.118,-2.649,1.4,0.4,5.0,71.1667,104.0,427.0,-0.0333,-0.1,12.5,-0.1305,-0.9914
berlin,2011,2011-09-25,198.0,219.83333333333334,245.26666666666668,276.7,306.71666666666664,56.866666666666646,32914,10.401683759901976,0.7757185392234308,-0.994797953706334,-0.10186771471713056,18.4,21.5,14.0,7.5,2.6077,13.8667,15.4,0.0,0.0,0.0,63.0,78,17.6333,21.1,11.0833,2.1583,2.42,5.8,-1.8866,0.9926,0.0,0.0,0.0,474.7083,545.0,2848.25,4.4667,2.2667,12.5,-0.1305,-0.9914
berlin,2012,2012-09-30,196.23333333333332,216.91666666666666,241.06666666666666,271.71666666666664,301.81666666666666,54.79999999999998,34260,10.441762960010218,0.7704028021015762,-0.9999993132793479,0.001171938920223869,14.3,16.3,11.2,5.1,1.7861,10.2667,11.1,0.0,0.0,0.0,64.1667,77,11.5,13.6,7.45,4.095,4.73,9.8,-1.151,-3.9206,0.0,0.0,0.0,420.2917,508.0,2521.75,3.0667,1.0667,12.5,-0.1305,-0.9914
berlin,2013,2013-09-29,195.5,216.56666666666666,239.68333333333334,270.76666666666665,299.46666666666664,54.19999999999999,36464,10.504108175418333,0.7554574374725757,-0.999447814243716,-0.03322749770082888,12.15,14.2,8.5,5.7,2.0288,8.5167,9.1,0.0,0.0,0.0,66.0,87,8.7667,10.1,5.7667,4.47,5.4,11.2,0.1069,4.4655,0.0,0.0,0.0,440.3333,528.0,2642.0,3.3667,0.9667,13.5,-0.3827,-0.9239
berlin,2014,2014-09-28,195.68333333333334,217.16666666666666,241.93333333333334,274.975,306.74666666666667,57.808333333333366,28943,10.273118207635076,0.7661956258853608,-0.9987283547836282,-0.050415011169167266,17.55,20.3,12.9,7.4,2.5876,13.3,14.8,0.0,0.0,0.0,64.6667,80,16.7333,19.6,10.6833,2.005,2.28,6.6,-1.8665,-0.7159,0.0,0.0,0.0,458.0833,537.0,2748.5,4.3,2.2,12.5,-0.1305,-0.9914
berlin,2015,2015-09-27,193.76666666666668,215.96666666666667,241.30833333333334,274.8875,307.07666666666677,58.92083333333332,36748,10.511866293386406,0.7575650375530641,-0.9977133433981337,-0.06758760541192248,14.7667,16.6,11.6,5.0,1.7172,10.7,11.2,0.0,0.0,0.0,63.8333,84,12.65,14.0,7.75,2.955,3.16,7.6,2.7787,-0.9514,0.0,0.0,0.0,383.7083,446.0,2302.25,2.8,0.2,13.5,-0.3827,-0.9239
berlin,2016,2016-09-25,196.36666666666667,220.01666666666668,247.23333333333332,281.81666666666666,316.455,61.79999999999998,35988,10.49096861519108,0.7436923418917417,-0.9964030804577665,-0.08474019857348533,19.4333,22.3,14.7,7.6,2.6899,13.3333,14.3,0.0,0.0,0.0,52.0,69,17.6167,20.4,8.9667,2.9267,3.18,7.8,-2.0461,2.0171,0.0,0.0,0.0,431.5417,497.0,2589.25,4.5333,1.8,13.5,-0.3827,-0.9239
berlin,2017,2017-09-24,196.56833333333333,219.85,247.2,281.1166666666667,314.93333333333334,61.26666666666668,39222,10.577018588410931,0.7178114323593902,-0.9928984381461724,-0.11896508532713071,15.4,16.7,14.2,2.5,0.8813,14.2167,14.7,0.0,0.0,0.0,90.1667,96,15.1167,16.5,13.7167,2.8167,3.52,8.3,0.2365,2.799,0.1,0.1,0.0,139.2083,198.0,835.25,1.6,0.6333,14.5,-0.6088,-0.7934
berlin,2018,2018-09-16,198.165,223.28333333333333,253.45,291.4,329.15,68.11666666666665,40640,10.612532688248846,0.6981299212598425,-0.9671899770382298,-0.25405422318235227,19.4167,21.5,15.9,5.6,1.9325,13.1833,13.8,0.0,0.0,0.0,50.8333,67,17.9167,19.5,8.6833,2.2533,2.78,7.1,-1.8561,-1.2619,0.0,0.0,0.0,381.0,520.0,2286.0,3.1,0.8333,11.5,0.1305,-0.9914
berlin,2019,2019-09-29,186.31666666666666,209.13333333333333,236.75833333333333,269.90416666666664,307.05833333333334,60.770833333333314,30796,10.335172561620322,1.0,-0.999447814243716,-0.03322749770082888,14.95,15.4,14.6,0.8,0.2814,12.9167,13.7,0.0,0.0,0.0,81.8333,86,13.0667,13.7,11.85,4.7067,5.52,10.0,-4.2344,-1.811,2.65,0.7,5.25,110.7917,151.0,664.75,-0.1,0.7,14.5,-0.6088,-0.7934
boston,2005,2005-04-18,194.04500000000002,211.68333333333334,233.05,259.51666666666665,290.3333333333333,47.833333333333314,17528,9.771611931222546,0.6209493382017344,0.9590680876135618,-0.2831755697818324,16.15,17.0,15.4,1.6,0.5679,8.4833,8.7,0.0,0.0,0.0,34.8333,38,14.4833,15.0,0.4333,1.9567,2.44,7.5,-0.097,1.7477,0.0,0.0,0.0,688.3333,909.0,4130.0,1.0333,0.0333,12.5,-0.1305,-0.9914
boston,2006,2006-04-17,188.60166666666666,205.53333333333333,224.78333333333333,249.71666666666667,281.1283333333334,44.18333333333334,19672,9.887002416276266,0.6127490849938999,0.9637973458816972,-0.2666358491864816,10.7,11.4,9.6,1.8,0.6272,6.4167,6.9,0.0,0.0,0.0,57.1667,60,7.8833,8.9,2.6,2.155,2.89,7.6,2.1322,0.1832,0.0,0.0,0.0,343.0,485.0,2058.0,1.0,0.7667,12.5,-0.1305,-0.9914
boston,2007,2007-04-16,191.035,208.35,228.66666666666666,254.5,287.8666666666667,46.150000000000006,20322,9.919508528590306,0.6078633992717252,0.9682413892964514,-0.25001722351325634,8.3,10.0,7.4,2.6,0.8406,5.9667,9.1,0.0,0.0,0.0,76.1667,92,3.0333,6.0,4.2333,7.51,8.27,19.2,-5.3521,5.2457,0.2,0.2,1.0,250.1667,379.0,1501.0,-0.7333,-2.6,13.5,-0.3827,-0.9239
boston,2008,2008-04-21,188.58333333333334,205.58333333333334,226.21666666666667,251.63333333333333,284.54,46.04999999999998,21959,9.996977895623466,0.5929687144223326,0.937328153604613,-0.3484478905950889,12.2167,13.5,9.7,3.8,1.3397,8.0667,8.8,0.0,0.0,0.0,60.8333,74,10.5333,12.1,4.8,2.8883,3.4,8.0,-0.1889,2.8319,0.0,0.0,0.0,763.1667,834.0,4579.0,2.2333,1.1333,12.5,-0.1305,-0.9914
boston,2009,2009-04-20,187.43333333333334,204.58333333333334,224.08333333333334,248.41666666666666,280.1066666666667,43.833333333333314,22839,10.036268663769947,0.5928017864179692,0.948759608590444,-0.3159987422558949,8.7333,9.1,7.7,1.4,0.4853,4.2,4.4,0.0,0.0,0.0,52.3333,59,4.35,5.2,-0.55,5.3367,6.05,12.7,-0.8338,5.266,0.0,0.0,0.0,641.3333,822.0,3848.0,0.5333,0.2667,12.5,-0.1305,-0.9914
boston,2010,2010-04-19,187.58666666666667,204.74166666666667,224.28333333333333,248.88333333333333,280.8833333333333,44.14166666666665,22543,10.023224234138462,0.5799139422437121,0.9540550140131263,-0.2996314907288842,11.4667,13.0,8.8,4.2,1.3924,6.2667,7.5,0.0,0.0,0.0,48.6667,56,7.4167,9.2,1.1167,4.515,5.28,12.0,4.2328,-1.5016,0.0,0.0,0.0,549.0,690.0,3294.0,2.2667,1.7333,10.5,0.3827,-0.9239
boston,2011,2011-04-18,186.8,204.1125,224.98333333333332,249.78333333333333,281.26166666666666,45.67083333333332,23884,10.081005925824062,0.578253223915592,0.9590680876135618,-0.2831755697818324,11.7833,14.1,8.6,5.5,1.9794,5.3833,6.8,0.0,0.0,0.0,37.8333,44,7.8,10.3,-2.2,5.2867,6.06,12.7,-1.6039,-4.9976,0.0,0.0,0.0,769.8333,904.0,4619.0,3.5667,2.2333,12.5,-0.1305,-0.9914
boston,2012,2012-04-16,203.03333333333333,224.7,251.06666666666666,285.31666666666666,326.36333333333334,60.616666666666674,21553,9.978316693156778,0.5839558298148749,0.9637973458816972,-0.2666358491864816,23.5,25.8,19.4,6.4,2.2701,16.8833,17.7,0.0,0.0,0.0,52.0,69,23.55,25.4,12.8667,3.6,5.2,10.4,-3.5824,-0.2301,0.0,0.0,0.0,760.3333,847.0,4562.0,3.8667,1.1667,12.5,-0.1305,-0.9914
boston,2013,2013-04-15,181.22833333333332,199.58333333333334,220.88333333333333,247.9625,284.77166666666665,48.37916666666666,23198,10.051864453277146,0.5723338218811966,0.9723989027398732,-0.23332461068282243,9.35,10.2,7.7,2.5,0.8421,4.9667,5.6,0.0,0.0,0.0,54.6667,60,7.3667,8.5,0.7167,1.9533,3.14,6.8,-0.5335,1.798,0.0,0.0,0.0,732.0,818.0,4392.0,1.3,0.9333,13.5,-0.3827,-0.9239
boston,2014,2014-04-21,184.78333333333333,205.56666666666666,232.23333333333332,272.7,317.05,67.13333333333333,31809,10.36753598474319,0.5509447011851991,0.9431834384055279,-0.3322724808309075,14.1333,17.0,10.1,6.9,2.3435,7.0167,8.5,0.0,0.0,0.0,36.0,51,11.7667,14.1,-0.9167,3.0617,3.92,8.5,-2.9466,-0.7266,0.0,0.0,0.0,824.1667,908.0,4945.0,4.0,1.9,12.5,-0.1305,-0.9914
boston,2015,2015-04-20,180.06166666666667,198.63333333333333,219.66666666666666,246.41666666666666,282.1,47.78333333333333,26598,10.188628900078157,0.5481991127152418,0.948759608590444,-0.3159987422558949,7.7667,8.1,7.0,1.1,0.3771,5.8833,6.6,0.0,0.0,0.0,81.1667,85,2.7,3.2,4.7167,7.2183,7.66,13.8,-1.8643,6.9487,4.9,2.0,4.0,83.8333,108.0,503.0,0.5333,0.9,12.5,-0.1305,-0.9914
boston,2016,2016-04-18,188.68333333333334,206.43333333333334,228.08333333333334,256.71666666666664,293.1366666666667,50.2833333333333,26630,10.189831229736429,0.5431092752534735,0.9540550140131263,-0.2996314907288842,15.0167,16.3,13.6,2.7,0.9155,8.7833,9.3,0.0,0.0,0.0,44.6667,47,12.6167,13.8,2.9667,3.8333,4.55,9.8,1.9675,3.0689,0.0,0.0,0.0,791.5,861.0,4749.0,-1.6333,-0.8333,12.5,-0.1305,-0.9914
boston,2017,2017-04-17,189.18166666666667,208.31666666666666,231.65833333333333,261.8,297.75,53.48333333333335,26410,10.181535869019624,0.5466868610374858,0.9637973458816972,-0.2666358491864816,20.65,21.2,19.9,1.3,0.522,12.2167,14.4,0.0,0.0,0.0,36.3333,55,17.2,17.8,4.8167,5.535,5.92,11.4,0.932,-5.4322,0.0,0.0,0.0,673.0,801.0,4038.0,-0.0333,-1.6333,12.5,-0.1305,-0.9914
boston,2018,2018-04-16,185.35,204.77916666666667,228.6,262.31666666666666,307.67499999999995,57.537499999999994,25996,10.165736425730918,0.5481612555777812,0.9682413892964514,-0.25001722351325634,7.0167,8.7,4.9,3.8,1.2889,6.3833,8.2,0.0,0.0,0.0,94.3333,96,1.45,3.2,6.1667,8.7817,9.49,21.7,-0.1617,8.3881,19.3,4.1,6.0,77.6667,101.0,466.0,2.1667,2.2333,13.5,-0.3827,-0.9239
boston,2019,2019-04-15,180.23333333333332,200.43333333333334,225.575,259.0,297.4166666666667,58.56666666666666,26644,10.190356794730883,0.5503678126407446,0.9723989027398732,-0.23332461068282243,15.7167,17.9,13.4,4.5,1.8515,13.15,13.3,0.0,0.0,0.0,78.3333,97,13.6333,15.7,11.6333,5.1917,5.83,15.6,-4.0194,-2.7728,3.9,2.9,2.0,448.6667,657.0,2692.0,3.5667,0.0333,13.5,-0.3827,-0.9239
chicago,2005,2005-10-09,208.26666666666668,231.3625,262.85,295.71666666666664,331.8333333333333,64.35416666666663,32868,10.400285243317475,0.5659608129487648,-0.9903835435079973,0.13834896728397644,11.75,13.4,8.7,4.7,1.6958,8.3,9.3,0.0,0.0,0.0,67.0,79,8.2667,9.8,5.75,4.645,5.13,9.2,2.2818,4.0331,0.0,0.0,0.0,384.8333,586.0,2309.0,2.6333,1.4667,13.5,-0.3827,-0.9239
chicago,2006,2006-10-22,204.55,229.29583333333335,261.05,296.06666666666666,332.875,66.77083333333331,33636,10.423381930561995,0.5622249970269949,-0.935037943529103,0.3545476613388757,3.5667,3.7,3.4,0.3,0.0943,1.85,2.9,0.0,0.0,0.0,81.1667,94,-2.6667,-2.5,0.5167,7.9783,8.57,16.2,4.8729,-6.2923,0.5,0.2,1.0,159.8333,323.0,959.0,0.0,-1.3667,13.5,-0.3827,-0.9239
chicago,2007,2007-10-07,230.48333333333332,260.05,295.01666666666665,329.3,353.4166666666667,69.25,25521,10.147296104293922,0.6009560753888954,-0.9945564557988568,0.10419911817677069,25.8167,28.7,21.5,7.2,2.7009,21.1167,22.2,6.0,5.0,2.0,66.6667,84,27.7333,30.6,18.9167,2.8933,3.28,7.7,-2.8197,-0.2003,0.0,0.0,0.0,477.3333,601.0,2864.0,4.5,1.7667,11.5,0.1305,-0.9914
chicago,2008,2008-10-12,219.47333333333333,248.3,283.7,321.6,358.21666666666664,73.30000000000001,31345,10.352841946214014,0.5640133992662306,-0.9785273162610595,0.20611717864100626,21.15,25.0,15.8,9.2,3.5061,16.4,18.6,2.0,0.0,0.0,64.0,82,20.85,25.1,13.7833,2.9417,3.18,7.1,-2.6837,1.0346,0.0,0.0,0.0,410.4167,610.0,2462.5,6.0333,3.3333,13.5,-0.3827,-0.9239
chicago,2009,2009-10-11,206.08,230.58333333333334,263.43333333333334,299.73333333333335,339.1666666666667,69.15,33569,10.42138808997408,0.5644493431439721,-0.9850383881081815,0.17233506304068183,3.35,5.2,0.5,4.7,1.7144,-0.6333,0.4,0.0,0.0,0.0,50.3333,65,-1.05,1.8,-6.2,3.1617,3.78,7.6,2.3292,-2.0844,0.0,0.0,0.0,445.3333,627.0,2672.0,2.7667,1.5333,12.5,-0.1305,-0.9914
chicago,2010,2010-10-10,214.95,243.81666666666666,280.64166666666665,321.21666666666664,358.8666666666667,77.39999999999998,36086,10.493687968662183,0.5527351327384581,-0.9878571332200545,0.1553650036084558,21.6333,26.4,15.1,11.3,4.1672,15.4167,17.3,0.0,0.0,0.0,54.5,76,21.2167,26.1,11.4333,1.98,2.55,5.3,-0.598,-1.6161,0.0,0.0,0.0,459.75,659.0,2758.5,7.2,2.9,12.5,-0.1305,-0.9914
chicago,2011,2011-10-09,213.98333333333332,240.81666666666666,277.875,316.875,354.1,76.05833333333334,35752,10.484389460685312,0.5672969344372343,-0.9903835435079973,0.13834896728397644,19.9167,23.7,13.5,10.2,3.8041,15.7333,17.4,0.0,0.0,0.0,67.3333,88,20.4167,24.6,13.3833,1.565,2.11,5.1,-0.8293,1.1671,0.0,0.0,0.0,470.75,673.0,2824.5,6.2333,3.0,12.5,-0.1305,-0.9914
chicago,2012,2012-10-07,208.13333333333333,232.88333333333333,267.4,305.09583333333336,346.1666666666667,72.21250000000003,37470,10.531322579448695,0.5518815052041633,-0.9926168713358567,0.12129198959294538,7.3,8.6,5.4,3.2,1.2329,2.7333,3.1,0.0,0.0,0.0,49.6667,62,2.7167,4.2,-2.7667,3.9817,4.66,8.3,3.054,-2.4467,0.0,0.0,0.0,304.0833,464.0,1824.5,2.1333,0.5333,11.5,0.1305,-0.9914
chicago,2013,2013-10-13,208.6,233.81666666666666,267.43333333333334,306.5,346.09666666666675,72.68333333333334,38873,10.568080925678013,0.5525943456898104,-0.9785273162610595,0.20611717864100626,13.65,16.2,9.2,7.0,2.3852,8.1167,8.7,0.0,0.0,0.0,50.0,75,10.1833,13.0,2.8667,3.9467,4.14,8.2,3.2798,-2.1858,0.0,0.0,0.0,465.5,669.0,2793.0,3.8333,0.9,12.5,-0.1305,-0.9914
chicago,2014,2014-10-12,206.61666666666667,232.71666666666667,267.4166666666667,308.1,350.36,75.38333333333335,40605,10.611671117922187,0.5467306981898781,-0.9819281423186611,0.18925412366081565,11.1333,14.7,6.2,8.5,2.9713,7.7667,9.6,0.0,0.0,0.0,68.5,83,7.9,11.9,5.2667,4.2483,4.56,9.6,-3.2003,2.7658,0.0,0.0,0.0,457.8333,634.0,2747.0,5.0667,2.4,12.5,-0.1305,-0.9914
chicago,2015,2015-10-11,207.51666666666668,234.21666666666667,270.75,311.24583333333334,350.6483333333333,77.02916666666667,37442,10.530575055586564,0.5391538913519577,-0.9850383881081815,0.17233506304068183,17.0,21.5,12.0,9.5,3.399,12.3,15.2,0.0,0.0,0.0,60.6667,73,13.7667,19.0,9.1833,6.0617,6.35,12.0,-5.0527,-3.3031,0.0,0.0,0.0,453.75,653.0,2722.5,6.0,3.8667,12.5,-0.1305,-0.9914
chicago,2016,2016-10-09,207.08333333333334,232.76666666666668,268.3833333333333,310.5708333333333,352.76666666666665,77.80416666666665,40556,10.610463671032514,0.5432488411085906,-0.9878571332200545,0.1553650036084558,13.6667,15.4,11.1,4.3,1.5402,9.9667,10.3,0.0,0.0,0.0,66.3333,83,10.8833,12.3,7.35,4.1167,4.71,9.4,-0.6093,4.0011,0.0,0.0,0.0,419.25,644.0,2515.5,2.6,0.4667,13.5,-0.3827,-0.9239
chicago,2017,2017-10-08,211.21666666666667,240.35,282.71666666666664,328.4166666666667,371.3666666666667,88.06666666666669,44348,10.6998454395692,0.5146342563362497,-0.9926168713358567,0.12129198959294538,18.0167,22.2,13.0,9.2,3.3128,14.15,16.1,0.0,0.0,0.0,68.6667,87,17.1833,21.5,11.8667,3.1217,4.09,7.1,-2.9164,0.0889,0.0,0.0,0.0,475.9167,681.0,2855.5,5.8333,2.9667,12.5,-0.1305,-0.9914
chicago,2018,2018-10-07,204.05,230.61666666666667,267.48333333333335,310.6666666666667,354.53333333333336,80.05000000000001,44551,10.704412325269505,0.5367331821956859,-0.9945564557988568,0.10419911817677069,13.7667,13.9,13.6,0.3,0.0943,12.75,13.0,0.0,0.0,0.0,91.0,92,12.2,12.6,12.3,4.385,4.76,10.0,3.0506,3.1295,2.55,0.7,5.0,94.4167,138.0,566.5,-0.0667,-0.2333,11.5,0.1305,-0.9914
chicago,2019,2019-10-13,198.275,225.61666666666667,262.10833333333335,307.25,353.89166666666665,81.63333333333333,45866,10.733501183228723,0.5357345310251602,-0.9785273162610595,0.20611717864100626,7.7,10.2,5.2,5.0,1.7944,3.7167,5.3,0.0,0.0,0.0,57.1667,68,2.0333,4.0,-0.3667,6.6717,7.91,14.5,-2.862,-5.9915,0.0,0.0,0.0,387.0,534.0,2322.0,3.2,1.8333,11.5,0.1305,-0.9914
chicago,2022,2022-10-09,197.02333333333334,223.9,261.76666666666665,307.95,355.51000000000005,84.04999999999998,36265,10.498635942213971,0.5404384392665104,-0.9903835435079973,0.13834896728397644,12.75,17.7,6.8,10.9,3.9178,7.05,10.2,0.0,0.0,0.0,47.5,63,8.6667,14.7,1.5167,4.6817,5.06,9.8,-2.8988,-3.6302,0.0,0.0,0.0,477.5833,683.0,2865.5,6.9,4.3,12.5,-0.1305,-0.9914
chicago,2023,2023-10-08,189.16666666666666,215.2,251.68333333333334,297.95,346.8,82.75,48155,10.782201020054917,0.5331118263939363,-0.9926168713358567,0.12129198959294538,10.2667,12.0,7.6,4.4,1.667,5.9833,6.5,0.0,0.0,0.0,57.6667,72,6.5667,8.5,2.0833,3.7,4.29,8.8,2.4316,-2.702,0.0,0.0,0.0,393.0833,544.0,2358.5,2.8667,0.9667,10.5,0.3827,-0.9239
durban,2022,2022-05-08,172.715,200.76250000000002,237.78333333333333,275.09166666666664,299.9433333333334,74.32916666666662,808,6.695798917058491,0.7957920792079208,-0.8073440647983365,0.5900809783706804,20.9,22.2,20.0,2.2,0.688,18.35,19.2,5.0,0.0,0.0,80.0,89,20.75,21.5,17.2,5.225,6.84,11.3,-4.2709,-2.793,0.15,0.1,0.0,293.5833,511.0,1761.5,1.0667,-0.9,11.5,0.1305,-0.9914
durban,2024,2024-04-28,178.435,210.94166666666666,247.49166666666667,282.71666666666664,309.88666666666666,71.77499999999998,1788,7.489412083508719,0.825503355704698,-0.8886817742931451,0.4585244857575084,21.6833,24.9,18.7,6.2,2.2909,17.55,18.9,3.0,0.0,0.0,68.1667,81,21.4833,24.6,15.4,4.27,5.74,10.8,3.784,1.9194,0.0,0.0,0.0,442.75,714.0,2656.5,4.3667,1.7,12.5,-0.1305,-0.9914
durban,2025,2025-05-04,190.19666666666666,220.05833333333334,252.20833333333331,285.7083333333333,309.1166666666667,65.64999999999998,2084,7.642524134232902,0.8099808061420346,-0.8460055349535992,0.5331741130511443,19.2167,21.9,15.6,6.3,2.4667,14.9667,16.5,0.0,0.0,0.0,65.8333,80,19.15,22.1,12.4833,1.8733,2.74,6.6,0.6022,-0.1173,0.0,0.0,0.0,424.6667,678.0,2548.0,4.7,2.0667,12.5,-0.1305,-0.9914
honolulu,2005,2005-12-11,244.23,284.68333333333334,339.48333333333335,403.1333333333333,468.27333333333337,118.44999999999999,24177,10.093198407761937,0.5269470984820284,-0.3412319636645278,0.9399791204987749,23.3333,25.1,22.5,2.6,0.9826,20.8167,20.9,6.0,6.0,0.0,80.8333,87,24.9833,25.5,19.8,4.0033,5.61,11.3,1.0149,3.8671,0.0,0.0,0.0,224.0,605.0,1344.0,1.6667,-0.0333,10.5,0.3827,-0.9239
honolulu,2006,2006-12-10,248.12333333333336,287.4166666666667,343.6166666666667,408.73333333333335,472.5666666666666,121.31666666666666,24573,10.109444252427517,0.5250885117812233,-0.35735092729884943,0.9339701894378923,22.3167,24.1,21.3,2.8,1.027,18.3833,19.1,6.0,0.0,0.0,69.8333,74,21.8,23.4,16.4833,5.25,5.66,11.4,-0.315,5.2332,0.0,0.0,0.0,192.6667,489.0,1156.0,1.7667,0.7,10.5,0.3827,-0.9239
honolulu,2007,2007-12-09,250.9,292.3833333333333,350.06666666666666,417.2708333333333,486.6,124.88749999999999,20600,9.933094897288786,0.5192718446601942,-0.3733641407017845,0.9276848702215738,23.1667,25.0,22.1,2.9,1.0323,21.4333,21.8,6.0,6.0,0.0,86.6667,92,26.55,28.3,20.7667,1.6367,1.89,5.7,-0.1315,-1.4355,0.4,0.2,2.0,185.3333,513.0,1112.0,1.7333,0.4667,10.5,0.3827,-0.9239
honolulu,2008,2008-12-14,250.04333333333335,289.68333333333334,346.45,411.8333333333333,481.03000000000003,122.14999999999998,19997,9.903387547535795,0.5237785667850178,-0.27579444765677436,0.9612166366858694,22.5,23.3,22.2,1.1,0.3742,20.9667,21.2,6.0,6.0,0.0,88.1667,91,25.5,26.0,20.4167,2.05,3.11,9.6,-1.5874,1.2806,1.8,0.8,5.0,169.8333,448.0,1019.0,0.3333,-0.3333,10.5,0.3827,-0.9239
honolulu,2009,2009-12-13,247.73333333333332,288.65,344.73333333333335,410.03333333333336,474.8333333333333,121.38333333333338,20321,9.919459322045826,0.5113921558978397,-0.30869589581084605,0.9511607876219137,22.2667,24.7,20.3,4.4,1.4716,19.1167,19.7,6.0,0.0,0.0,76.0,84,24.5667,27.0,17.7,0.9533,1.3,4.0,0.1346,0.9155,0.0,0.0,0.0,232.6667,619.0,1396.0,2.2,0.5667,10.5,0.3827,-0.9239
honolulu,2010,2010-12-12,252.80666666666667,294.3416666666667,350.8666666666667,414.975,481.21666666666664,120.63333333333333,20163,9.911654115202522,0.5184248375737738,-0.32501201985537936,0.9457098851918206,22.15,23.5,21.4,2.1,0.7433,20.6667,21.3,6.0,6.0,0.0,88.0,91,24.4667,25.6,20.1,3.06,3.83,7.9,1.0694,2.865,0.3,0.2,1.0,199.0,519.0,1194.0,1.2333,0.5333,10.5,0.3827,-0.9239
honolulu,2011,2011-12-11,250.38666666666668,290.3416666666667,346.6,409.7083333333333,473.62000000000006,119.36666666666662,19075,9.856186279418115,0.5283879423328964,-0.3412319636645278,0.9399791204987749,22.1667,23.9,21.0,2.9,1.0258,19.8333,20.2,6.0,2.0,0.0,81.8333,89,22.0833,22.8,18.8667,6.435,8.08,15.1,3.416,5.4515,0.4,0.2,2.0,136.3333,422.0,818.0,1.7333,0.2667,10.5,0.3827,-0.9239
honolulu,2012,2012-12-09,254.75,294.62916666666666,348.8,408.28333333333336,457.76666666666665,113.6541666666667,22104,10.003559106260344,0.5318494390155628,-0.35735092729884943,0.9339701894378923,23.6,25.1,22.7,2.4,0.8485,20.9,21.5,6.0,6.0,0.0,79.6667,83,23.8167,24.5,19.85,6.77,8.51,16.7,0.0047,6.7668,0.0,0.0,0.0,217.1667,573.0,1303.0,1.4,0.6667,10.5,0.3827,-0.9239
honolulu,2013,2013-12-08,259.3333333333333,306.51666666666665,367.55,437.85,506.35999999999996,131.33333333333337,22053,10.001249270318624,0.5336235432820932,-0.3892668651112589,0.9211250228532786,23.3667,25.4,21.9,3.5,1.3412,21.1667,21.7,6.0,6.0,0.0,83.5,92,26.3167,27.4,20.2833,2.01,2.8,6.3,-0.9297,1.7674,0.0,0.0,0.0,204.1667,541.0,1225.0,2.4667,0.2,10.5,0.3827,-0.9239
honolulu,2014,2014-12-14,254.2,294.375,351.96666666666664,422.675,492.2366666666667,128.3,21819,9.990582259387061,0.5274302213666987,-0.2922884199328186,0.9563302147130855,22.75,22.9,22.5,0.4,0.15,20.05,20.6,6.0,4.0,0.0,79.0,82,21.7333,22.7,18.9,8.3333,9.38,18.5,4.7709,6.8294,0.1,0.1,0.0,148.5,441.0,891.0,-0.2333,-0.9,10.5,0.3827,-0.9239
honolulu,2015,2015-12-13,262.9,309.4166666666667,372.05,442.17083333333335,510.0,132.75416666666666,21500,9.975854724662028,0.5264651162790698,-0.30869589581084605,0.9511607876219137,22.9,24.5,21.9,2.6,1.0693,20.8333,21.3,6.0,6.0,0.0,84.3333,89,25.65,26.9,20.05,2.1833,2.94,6.6,-1.6987,1.3508,0.0,0.0,0.0,214.5,580.0,1287.0,2.0,0.8,10.5,0.3827,-0.9239
honolulu,2016,2016-12-11,263.925,310.7625,374.9583333333333,450.45,525.2,139.6875,20216,9.914279113614327,0.5324000791452315,-0.32501201985537936,0.9457098851918206,23.4667,24.9,22.6,2.3,0.836,21.7667,22.0,6.0,6.0,1.0,87.0,92,27.0167,28.2,21.1667,1.705,1.84,4.9,-1.5809,-0.5007,0.0,0.0,0.0,183.5,431.0,1101.0,1.4667,0.2,10.5,0.3827,-0.9239
honolulu,2017,2017-12-10,260.9333333333333,306.23333333333335,369.35833333333335,441.6125,510.5083333333333,135.37916666666666,20346,9.920688759855903,0.5326845571611127,-0.35735092729884943,0.9339701894378923,22.5,23.8,22.0,1.8,0.6218,20.1667,20.4,6.0,5.0,0.0,81.8333,86,23.3667,24.2,19.2667,5.0233,5.65,11.4,2.8802,4.0375,0.0,0.0,0.0,160.3333,376.0,962.0,0.7333,-0.1333,10.5,0.3827,-0.9239
honolulu,2018,2018-12-09,265.81666666666666,309.4583333333333,375.26666666666665,444.30833333333334,510.98333333333335,134.85000000000002,19600,9.883335864325275,0.5461224489795918,-0.3733641407017845,0.9276848702215738,24.4667,25.6,23.7,1.9,0.6848,19.1,19.8,6.0,0.0,0.0,60.5,64,22.6667,23.5,16.35,7.5967,8.54,16.4,4.2708,6.2793,0.0,0.0,0.0,176.0,477.0,1056.0,1.2,0.4667,10.5,0.3827,-0.9239
honolulu,2019,2019-12-08,266.63666666666666,316.0,381.78333333333336,456.44166666666666,528.2499999999999,140.44166666666666,18783,9.840760722627824,0.5506042698184529,-0.3892668651112589,0.9211250228532786,23.0667,25.3,21.6,3.7,1.4499,21.0,21.7,6.0,6.0,0.0,84.3333,90,26.4167,28.5,20.2333,1.2167,1.55,4.5,-0.0156,-1.1152,0.0,0.0,0.0,231.1667,608.0,1387.0,2.5333,1.0667,10.5,0.3827,-0.9239
long_beach,2010,2010-10-17,222.5,250.07500000000002,288.5083333333333,331.2416666666667,371.4916666666667,81.16666666666666,3376,8.124743020385568,0.6146327014218009,-0.962039620791242,0.2729098166571578,17.1,17.7,16.3,1.4,0.4761,14.5,14.7,0.0,0.0,0.0,78.0,83,17.15,17.4,13.2,1.8067,2.6,4.2,-1.699,-0.5543,0.0,0.0,0.0,201.5,467.0,1209.0,0.8,-0.0667,11.5,0.1305,-0.9914
long_beach,2011,2011-10-09,224.55666666666667,253.59166666666667,297.1,346.05833333333334,389.22666666666663,92.46666666666667,3199,8.070906088787819,0.6230071897467959,-0.9903835435079973,0.13834896728397644,17.0167,20.8,14.4,6.4,2.4586,13.8,15.6,0.0,0.0,0.0,73.3333,84,17.2333,21.8,12.0333,0.9567,1.36,3.2,0.1648,0.7313,0.0,0.0,0.0,367.5,752.0,2205.0,4.5667,2.1333,11.5,0.1305,-0.9914
long_beach,2012,2012-10-07,228.29666666666668,262.8125,309.46666666666664,358.29583333333335,402.7183333333333,95.48333333333335,2820,7.944846711001996,0.625531914893617,-0.9926168713358567,0.12129198959294538,20.0333,22.0,18.1,3.9,1.467,17.4667,18.0,1.0,0.0,0.0,79.6667,91,21.3833,23.6,16.3333,1.7133,1.9,4.2,-1.2524,0.9979,0.0,0.0,0.0,364.5,745.0,2187.0,2.6667,0.5333,11.5,0.1305,-0.9914
long_beach,2013,2013-10-13,217.44166666666666,242.24583333333334,279.81666666666666,318.78333333333336,357.7216666666667,76.53750000000002,2898,7.972121128921655,0.6162870945479642,-0.9785273162610595,0.20611717864100626,16.6667,17.7,16.0,1.7,0.6018,13.6833,13.9,0.0,0.0,0.0,74.8333,82,16.2167,16.7,12.0833,2.0783,2.91,5.5,-1.7168,0.9818,0.0,0.0,0.0,271.5,634.0,1629.0,1.0667,-0.1667,11.5,0.1305,-0.9914
long_beach,2014,2014-10-12,222.60833333333335,248.625,285.19166666666666,331.78333333333336,376.125,83.15833333333336,2776,7.9291264873067995,0.6213976945244957,-0.9819281423186611,0.18925412366081565,19.7667,22.0,18.5,3.5,1.3047,17.4833,18.2,1.0,0.0,0.0,81.8333,89,20.9167,23.0,16.5,2.18,3.03,5.7,-2.0632,0.6044,0.0,0.0,0.0,359.6667,732.0,2158.0,2.2,0.7,11.5,0.1305,-0.9914
long_beach,2015,2015-10-11,233.96833333333333,270.8958333333333,315.2583333333333,368.5625,407.74833333333333,97.66666666666669,2352,7.763446388727362,0.6220238095238095,-0.9850383881081815,0.17233506304068183,24.95,28.8,22.9,5.9,2.253,19.8333,21.1,6.0,2.0,0.0,63.3333,76,27.0,31.2,17.3333,1.1917,1.34,2.9,-0.101,0.8949,0.0,0.0,0.0,358.8333,728.0,2153.0,3.9,1.0,11.5,0.1305,-0.9914
long_beach,2016,2016-10-09,216.85,245.71666666666667,288.3833333333333,333.7583333333333,381.15,88.04166666666666,1951,7.5766097669730375,0.636596617119426,-0.9878571332200545,0.1553650036084558,20.05,24.6,17.0,7.6,2.9113,15.1167,16.5,0.0,0.0,0.0,61.8333,78,20.45,24.9,12.1167,0.6933,1.26,4.0,0.0665,0.1172,0.0,0.0,0.0,373.6667,749.0,2242.0,5.3667,1.8333,11.5,0.1305,-0.9914
long_beach,2017,2017-10-08,220.58333333333334,249.88333333333333,288.4,338.46666666666664,381.47333333333336,88.58333333333331,1709,7.444248649496705,0.6483323581041545,-0.9926168713358567,0.12129198959294538,18.95,21.7,17.0,4.7,1.7462,16.7167,17.3,0.0,0.0,0.0,82.5,94,19.3333,21.8,15.7167,3.09,3.94,7.5,-2.3608,1.9747,0.0,0.0,0.0,375.1667,750.0,2251.0,3.1,0.6333,11.5,0.1305,-0.9914
long_beach,2018,2018-10-07,220.70666666666668,249.75,289.78333333333336,337.35,378.7733333333333,87.60000000000002,1629,7.396335293800808,0.6734192756292203,-0.9945564557988568,0.10419911817677069,19.5333,21.4,18.4,3.0,1.098,16.7167,17.4,0.0,0.0,0.0,77.1667,85,20.75,22.4,15.3667,1.245,2.5,4.9,-1.1815,0.1481,0.0,0.0,0.0,361.0,710.0,2166.0,1.9333,0.5667,11.5,0.1305,-0.9914
long_beach,2019,2019-10-13,216.04666666666665,245.15833333333333,283.95,330.2,379.8033333333334,85.04166666666666,1755,7.470793774195062,0.6809116809116809,-0.9785273162610595,0.20611717864100626,17.4167,20.2,15.7,4.5,1.7024,14.6833,15.6,0.0,0.0,0.0,77.5,85,17.65,20.8,13.3167,1.685,2.34,4.5,-1.2797,-1.0694,0.0,0.0,0.0,366.3333,742.0,2198.0,3.1,1.3,11.5,0.1305,-0.9914
maui,2010,2010-09-19,232.64666666666668,266.32916666666665,307.475,355.19166666666666,397.99499999999995,88.86250000000001,792,6.675823221634848,0.5328282828282829,-0.9790077415181033,-0.2038230655436782,24.0667,24.9,23.7,1.2,0.4422,21.9,22.1,6.0,6.0,2.0,83.3333,85,25.45,25.9,21.0833,5.9083,7.02,9.3,4.0337,4.3006,0.0,0.0,0.0,312.0,673.0,1872.0,0.6667,0.2667,10.5,0.3827,-0.9239
maui,2011,2011-09-18,233.88,262.93333333333334,301.18333333333334,351.5333333333333,395.47,88.59999999999997,735,6.601230118728877,0.5333333333333333,-0.9753567336769071,-0.2206337283171249,24.25,25.1,23.7,1.4,0.4717,20.95,21.0,6.0,6.0,0.0,75.3333,79,25.2,25.7,19.5667,5.18,5.65,7.9,2.0186,4.768,0.0,0.0,0.0,313.0,664.0,1878.0,0.7667,-0.0333,10.5,0.3827,-0.9239
maui,2012,2012-09-16,227.85666666666665,262.23333333333335,305.75,354.48333333333335,399.0833333333333,92.25,775,6.654152520183219,0.5109677419354839,-0.971417090233031,-0.23737909933941392,23.3333,24.2,22.9,1.3,0.4784,19.9,20.0,6.0,1.0,0.0,74.0,77,24.15,25.2,18.4333,4.545,4.88,7.2,2.3707,3.8658,0.0,0.0,0.0,369.0,842.0,2214.0,0.8,-0.0667,10.5,0.3827,-0.9239
maui,2013,2013-09-22,235.14999999999998,272.825,317.25,364.3416666666667,412.0866666666667,91.51666666666671,723,6.584791392385716,0.5850622406639004,-0.9882185760324722,-0.1530491619851375,24.4667,25.4,24.1,1.3,0.4853,21.0667,21.1,6.0,6.0,0.0,74.5,77,25.0667,25.6,19.6167,5.885,6.58,9.2,2.5892,5.2836,0.0,0.0,0.0,344.0,769.0,2064.0,0.7333,-0.0667,10.5,0.3827,-0.9239
maui,2014,2014-09-21,239.25666666666666,275.31666666666666,320.56666666666666,366.2875,405.6933333333333,90.97083333333336,748,6.618738983517219,0.5294117647058824,-0.9854396143822979,-0.17002578159228698,26.1167,26.7,25.9,0.8,0.2967,23.2833,23.5,6.0,6.0,6.0,79.1667,80,29.9333,30.6,22.2,2.475,3.09,5.0,0.9686,2.2493,0.0,0.0,0.0,342.3333,800.0,2054.0,0.4333,0.1667,10.5,0.3827,-0.9239
nyc,2005,2005-11-06,217.06166666666667,243.9375,278.55,314.1666666666667,351.06666666666666,70.22916666666669,36858,10.514855101175929,0.6724184708882739,-0.8136041674061217,0.5814191764806106,16.4667,18.6,13.6,5.0,1.8927,13.6,15.1,0.0,0.0,0.0,75.5,84,15.55,17.7,12.0833,2.9817,3.72,6.9,-2.7507,1.1477,0.0,0.0,0.0,343.5278,426.0,2061.1667,3.4667,2.2,13.5,-0.3827,-0.9239
nyc,2006,2006-11-05,208.05,232.53333333333333,262.28333333333336,294.8833333333333,332.6666666666667,62.349999999999994,37878,10.542152147796324,0.673821215481282,-0.8234853143448451,0.5673375865024032,8.2833,9.4,6.7,2.7,0.9045,3.2,3.8,0.0,0.0,0.0,44.8333,52,5.0667,5.8,-3.05,1.3167,1.99,3.9,-1.0483,-0.7205,0.0,0.0,0.0,428.5833,529.0,2571.5,1.5,0.8,13.5,-0.3827,-0.9239
nyc,2007,2007-11-04,208.8,233.68333333333334,263.65,296.78333333333336,334.6333333333333,63.10000000000002,38605,10.56116298378782,0.6759746146872166,-0.8331227687228905,0.55308810531009,12.8333,13.3,12.0,1.3,0.4784,7.45,7.6,0.0,0.0,0.0,49.0,54,9.5,10.0,2.35,3.0783,3.38,6.7,0.714,-2.8841,0.0,0.0,0.0,390.1944,536.0,2341.1667,0.8,0.1667,12.5,-0.1305,-0.9914
nyc,2008,2008-11-02,205.88333333333333,229.53333333333333,259.25,293.43333333333334,333.51666666666665,63.900000000000006,38101,10.54802205317538,0.6618461457704522,-0.8425136785453353,0.5386749497275768,7.4833,9.1,4.9,4.2,1.3873,3.05,3.7,0.0,0.0,0.0,51.3333,65,3.3167,5.2,-2.0833,3.4767,4.39,8.9,2.4314,2.2988,0.0,0.0,0.0,474.6667,582.0,2848.0,2.3,0.9667,12.5,-0.1305,-0.9914
nyc,2009,2009-11-01,206.47166666666666,229.88333333333333,259.05,292.56666666666666,332.14500000000004,62.68333333333334,43544,10.68155016512684,0.650927797170678,-0.8605448221636071,0.5093747236047407,12.2,12.8,11.0,1.8,0.5972,8.0,8.2,0.0,0.0,0.0,60.1667,73,9.4,10.1,4.5833,2.8983,3.32,5.9,2.7979,-0.6965,0.0,0.0,0.0,154.7222,229.0,928.3333,0.8667,-0.1333,13.5,-0.3827,-0.9239
nyc,2010,2010-11-07,208.07333333333335,231.70833333333331,261.3333333333333,296.53333333333336,337.1766666666667,64.82500000000005,44975,10.713884293146313,0.6414897165091717,-0.8034822520171546,0.5953287081045576,7.9667,10.0,4.8,5.2,1.6948,3.5833,4.5,0.0,0.0,0.0,53.5,68,3.2167,4.9,-1.0833,4.7183,5.1,10.0,4.2718,-1.9189,0.0,0.0,0.0,465.5556,554.0,2793.3333,2.7333,1.3,12.5,-0.1305,-0.9914
nyc,2011,2011-11-06,207.02833333333334,231.85,262.71666666666664,298.55,336.5,66.70000000000002,47238,10.762975101585972,0.6346161988229815,-0.8136041674061217,0.5814191764806106,10.3667,12.3,6.2,6.1,2.0685,6.1333,7.0,0.0,0.0,0.0,58.0,76,7.25,8.8,2.2833,2.655,3.28,7.4,-1.322,-2.1936,0.0,0.0,0.0,440.9444,535.0,2645.6667,3.0667,1.3333,12.5,-0.1305,-0.9914
nyc,2013,2013-11-03,210.60666666666668,233.6,262.3333333333333,296.9166666666667,337.24333333333334,63.31666666666669,50135,10.822494591904512,0.6101326418669593,-0.8425136785453353,0.5386749497275768,9.0833,10.1,8.2,1.9,0.7151,5.0333,5.3,0.0,0.0,0.0,57.8333,66,4.7833,5.8,1.2167,4.5417,4.9,10.7,4.4822,-0.6247,0.0,0.0,0.0,308.1111,422.0,1848.6667,1.3,0.3333,13.5,-0.3827,-0.9239
nyc,2014,2014-11-02,213.27166666666668,236.75,267.8666666666667,304.43333333333334,347.4,67.68333333333334,50394,10.827647242788979,0.5951303726634123,-0.8516552647767522,0.5241023850146458,7.95,9.1,6.8,2.3,0.7588,3.35,3.8,0.0,0.0,0.0,50.1667,57,0.9833,2.2,-1.8667,8.7733,9.3,17.3,7.7335,-4.0933,0.0,0.0,0.0,438.1667,546.0,2629.0,1.3,0.4333,13.5,-0.3827,-0.9239
nyc,2015,2015-11-01,214.6,239.81666666666666,273.1333333333333,310.53333333333336,350.93333333333334,70.7166666666667,49461,10.808959976974403,0.5820747659772346,-0.8605448221636071,0.5093747236047407,15.3167,16.9,13.1,3.8,1.2993,11.85,13.0,0.0,0.0,0.0,69.5,75,13.2,14.9,9.7333,3.9267,4.61,9.6,-2.5618,-2.8879,0.0667,0.2,0.3333,229.5556,360.0,1377.3333,2.3,1.4333,12.5,-0.1305,-0.9914
nyc,2016,2016-11-06,213.21666666666667,238.89166666666665,271.46666666666664,309.01666666666665,349.5,70.125,51271,10.844900073184062,0.5818883969495426,-0.8034822520171546,0.5953287081045576,13.2667,13.7,12.5,1.2,0.3771,7.3,7.5,0.0,0.0,0.0,44.1667,52,8.7333,9.1,1.25,5.0,5.45,11.5,4.6134,-1.7864,0.0,0.0,0.0,425.0,489.0,2550.0,0.0667,-0.3333,13.5,-0.3827,-0.9239
nyc,2017,2017-11-05,211.06666666666666,237.18333333333334,270.45,309.35,352.28333333333336,72.16666666666669,50641,10.832536550508946,0.5842301692304654,-0.8234853143448451,0.5673375865024032,14.2,14.7,13.1,1.6,0.5132,12.6333,13.3,0.0,0.0,0.0,86.1667,89,13.4,14.3,11.8833,2.7217,3.1,7.1,-0.5621,2.6336,0.0,0.0,0.0,118.6111,185.0,711.6667,0.6,1.0,12.5,-0.1305,-0.9914
nyc,2018,2018-11-04,209.68833333333333,237.16666666666666,272.03333333333336,312.00416666666666,355.5,74.8375,52704,10.872465606689289,0.5802405889496054,-0.8331227687228905,0.55308810531009,10.8167,12.4,8.1,4.3,1.4369,5.9333,7.1,0.0,0.0,0.0,51.3333,62,8.3,10.4,1.1167,1.115,1.58,4.8,0.8816,-0.248,0.0,0.0,0.0,474.9444,566.0,2849.6667,2.3,1.4,12.5,-0.1305,-0.9914
nyc,2019,2019-11-03,206.81666666666666,234.68333333333334,269.2,309.75416666666666,354.5833333333333,75.07083333333333,53520,10.887829379231441,0.5754857997010463,-0.8425136785453353,0.5386749497275768,10.6667,12.0,7.9,4.1,1.4067,5.7167,6.1,0.0,0.0,0.0,51.0,66,6.75,7.7,0.7833,3.675,4.0,9.0,0.9348,-3.5492,0.0,0.0,0.0,466.6667,579.0,2800.0,2.2,0.7,12.5,-0.1305,-0.9914
nyc,2022,2022-11-06,218.76666666666668,247.99583333333334,284.75,327.31666666666666,369.965,79.32083333333333,47692,10.772539915583412,0.5563826218233666,-0.8136041674061217,0.5814191764806106,22.0833,22.7,20.4,2.3,0.8091,18.3833,18.6,5.0,0.0,0.0,71.1667,79,22.5167,23.2,16.5833,3.6117,4.14,8.7,-3.5067,-0.8034,0.2333,0.2,0.6667,298.3333,391.0,1790.0,1.1,0.3667,12.5,-0.1305,-0.9914
nyc,2023,2023-11-05,207.58333333333334,235.91666666666666,272.78333333333336,315.95,361.55,80.03333333333333,51186,10.84324087253795,0.5551127261360528,-0.8234853143448451,0.5673375865024032,14.9333,17.0,11.1,5.9,2.032,10.25,10.8,0.0,0.0,0.0,58.5,80,13.55,15.2,6.6333,1.0617,1.4,3.8,0.635,-0.5341,0.0,0.0,0.0,429.3333,490.0,2576.0,3.2667,0.9,13.5,-0.3827,-0.9239
nyc,2024,2024-11-03,201.9,228.86666666666667,263.55,305.4083333333333,353.02666666666664,76.54166666666663,55395,10.922262667962608,0.5541294340644463,-0.8331227687228905,0.55308810531009,9.7667,12.0,7.5,4.5,1.5755,4.7167,5.6,0.0,0.0,0.0,48.5,61,6.4333,8.7,-0.8167,2.1967,3.18,7.7,2.1336,0.4701,0.0,0.0,0.0,484.8333,576.0,2909.0,2.8667,1.1,12.5,-0.1305,-0.9914
rio,2023,2023-06-11,203.44333333333333,226.96666666666667,254.58333333333331,289.15833333333336,321.08,62.19166666666669,6834,8.82981174915805,0.7440737489025461,-0.34734915996449583,0.9377358695666702,20.2,25.8,16.5,9.3,3.4322,17.9333,21.2,3.0,2.0,0.0,82.3333,91,21.5167,28.2,16.9667,2.1883,2.4,5.9,2.0815,-0.6717,0.0,0.0,0.0,264.6667,613.0,1588.0,6.0667,4.0667,10.5,0.3827,-0.9239
rio,2024,2024-06-02,201.26833333333335,224.7375,251.48333333333332,284.27916666666664,316.3983333333333,59.54166666666663,7892,8.973731569708402,0.6950076026355804,-0.47271127270772273,0.8812173696966288,19.55,24.0,16.3,7.7,2.9882,17.6833,19.7,3.0,0.0,0.0,85.6667,96,21.2,25.8,16.9167,1.455,1.68,5.0,1.4342,0.118,0.0,0.0,0.0,262.1667,609.0,1573.0,5.5,3.1667,10.5,0.3827,-0.9239
rio,2025,2025-06-22,204.92666666666668,226.16666666666666,250.35,281.01666666666665,310.9,54.849999999999994,13125,9.482350275033667,0.7123047619047619,-0.16475757161384025,0.9863340927879916,20.25,24.3,17.7,6.6,2.4398,18.9333,20.8,4.0,2.0,0.0,89.6667,98,22.75,27.2,18.4167,1.1233,1.48,5.0,1.0242,0.3742,0.0,0.0,0.0,229.6667,528.0,1378.0,4.3667,2.5333,10.5,0.3827,-0.9239
savannah,2011,2011-11-05,217.85833333333332,239.45,270.125,305.6125,345.26166666666666,66.16250000000002,4722,8.460199469896118,0.476281236764083,-0.8234853143448451,0.5673375865024032,11.9167,13.9,10.5,3.4,1.2825,7.3167,8.5,0.0,0.0,0.0,55.6667,62,6.15,9.1,3.3,8.3233,9.0,14.4,7.5254,3.5508,0.0,0.0,0.0,423.75,701.0,2542.5,2.3667,1.2333,13.5,-0.3827,-0.9239
savannah,2012,2012-11-03,218.70833333333331,242.21666666666667,277.6166666666667,311.7,348.7,69.48333333333332,2798,7.937017489515454,0.49392423159399573,-0.8331227687228905,0.55308810531009,16.0333,19.9,12.2,7.7,2.901,11.8833,13.7,0.0,0.0,0.0,64.8333,82,14.8833,19.7,9.0833,2.13,2.83,5.0,1.7167,0.0312,0.0,0.0,0.0,417.25,689.0,2503.5,5.3333,2.3,13.5,-0.3827,-0.9239
savannah,2013,2013-11-09,218.63,241.70833333333331,274.3833333333333,311.76666666666665,351.2233333333335,70.05833333333334,3059,8.026170194946426,0.4622425629290618,-0.7825281676947325,0.62261518353179,15.6667,19.2,11.9,7.3,2.8069,11.6167,13.9,0.0,0.0,0.0,64.5,72,12.95,17.0,8.9333,4.705,5.04,8.3,3.4595,3.1723,0.0,0.0,0.0,352.1667,545.0,2113.0,5.2,3.4333,12.5,-0.1305,-0.9914
savannah,2014,2014-11-08,219.40666666666667,240.89583333333331,274.71666666666664,310.5708333333333,351.26666666666665,69.67500000000001,2798,7.937017489515454,0.4581844174410293,-0.7931225635385611,0.6090620651510165,15.5,18.2,12.2,6.0,2.2121,11.4,13.0,0.0,0.0,0.0,64.3333,75,12.9833,15.7,8.7167,4.195,4.69,6.3,3.0052,2.7805,0.0,0.0,0.0,274.3333,433.0,1646.0,3.8667,2.1333,12.5,-0.1305,-0.9914
savannah,2015,2015-11-07,210.08333333333334,229.2125,249.30833333333334,273.6875,295.45,44.474999999999994,1248,7.130098510125578,0.5600961538461539,-0.8034822520171546,0.5953287081045576,23.3333,25.3,21.4,3.9,1.3511,22.0,22.9,6.0,6.0,4.0,89.6667,96,27.15,29.7,21.4833,1.7367,1.97,4.5,-1.1808,-1.2182,0.0,0.0,0.0,345.75,601.0,2074.5,2.4,1.0667,12.5,-0.1305,-0.9914
savannah,2016,2016-11-05,226.24666666666667,251.58333333333334,286.6166666666667,332.31666666666666,373.2,80.73333333333332,2225,7.70796153183549,0.48269662921348316,-0.8136041674061217,0.5814191764806106,16.3333,18.5,14.1,4.4,1.6377,11.3167,12.1,0.0,0.0,0.0,56.8333,68,12.5167,15.7,7.65,6.4683,7.34,11.4,5.2664,3.7483,0.0,0.0,0.0,423.3333,692.0,2540.0,2.9333,0.7,13.5,-0.3827,-0.9239
savannah,2017,2017-11-04,232.57666666666668,259.45,300.45,346.31666666666666,389.7633333333333,86.86666666666667,1777,7.48324441607385,0.4665166010129432,-0.8331227687228905,0.55308810531009,20.7833,24.6,16.1,8.5,3.2575,17.6667,19.4,4.0,0.0,0.0,76.1667,93,22.1167,26.2,16.15,1.755,2.6,5.2,1.2828,0.0795,0.0,0.0,0.0,400.0833,658.0,2400.5,5.8333,2.4667,12.5,-0.1305,-0.9914
savannah,2018,2018-11-03,216.57999999999998,241.53333333333333,280.96666666666664,318.85,360.43,77.31666666666669,1375,7.226936018493289,0.4829090909090909,-0.8425136785453353,0.5386749497275768,13.4667,17.1,10.6,6.5,2.3563,8.6,10.2,0.0,0.0,0.0,55.6667,68,10.2167,15.1,4.5167,4.12,5.11,9.2,3.5031,-2.109,0.0,0.0,0.0,431.6667,713.0,2590.0,4.2667,1.8,13.5,-0.3827,-0.9239
savannah,2019,2019-11-02,220.29666666666665,243.03333333333333,279.2,320.5,359.39,77.46666666666667,1467,7.291656209174461,0.5160190865712339,-0.8516552647767522,0.5241023850146458,14.6,16.9,12.5,4.4,1.6083,10.9,12.1,0.0,0.0,0.0,66.5,73,12.2833,14.8,8.4167,3.6767,3.83,7.8,3.5804,-0.391,0.0,0.0,0.0,170.0833,294.0,1020.5,2.9333,1.4667,10.5,0.3827,-0.9239
singapore,2014,2014-12-07,268.43333333333334,310.0833333333333,358.0,404.8666666666667,445.6666666666667,94.78333333333336,10321,9.242032818708672,0.8401317701773084,-0.4050543944620073,0.9142925885771013,26.2667,28.9,25.3,3.6,1.2763,24.9667,26.1,6.0,6.0,6.0,90.5,94,31.5333,34.5,24.55,2.1567,2.92,5.8,2.1178,-0.3813,0.3,0.2,1.0,230.6667,619.0,1384.0,1.6667,0.8667,10.5,0.3827,-0.9239
singapore,2015,2015-12-06,271.78000000000003,311.26666666666665,360.81666666666666,412.1,452.0266666666667,100.83333333333337,9329,9.140990293841389,0.8419980705327473,-0.4207220567782361,0.9071895893033003,26.25,29.0,25.2,3.8,1.3364,25.2167,26.8,6.0,6.0,6.0,92.0,94,31.5833,34.5,24.85,2.4783,3.67,6.4,2.2852,0.7294,0.0,0.0,0.0,209.1667,551.0,1255.0,1.8333,1.2333,10.5,0.3827,-0.9239
singapore,2016,2016-12-04,262.2683333333333,304.30833333333334,354.1333333333333,406.39166666666665,444.565,102.08333333333331,8512,9.049349685884057,0.8248355263157895,-0.4362652155561949,0.8998181270099568,26.4333,28.6,25.4,3.2,1.1353,25.4833,26.4,6.0,6.0,6.0,92.8333,96,32.75,35.3,25.1667,0.9617,1.2,5.5,0.8318,0.2513,0.4,0.1,0.0,223.0,610.0,1338.0,1.7333,0.9,10.5,0.3827,-0.9239
singapore,2017,2017-12-03,262.8066666666667,307.3666666666667,355.3666666666667,405.14166666666665,443.38666666666666,97.77499999999998,9859,9.19624144759668,0.8108327416573688,-0.4669596620640253,0.8842786178603729,26.55,28.6,25.9,2.7,0.943,25.1167,25.6,6.0,6.0,6.0,89.6667,93,32.2333,34.2,24.6833,1.4833,1.7,5.4,1.1305,-0.9523,0.4,0.2,1.0,211.8333,615.0,1271.0,1.1,0.2333,10.5,0.3827,-0.9239
singapore,2018,2018-12-08,259.71666666666664,302.93333333333334,353.56666666666666,395.68333333333334,424.31666666666666,92.75,9431,9.151863442217207,0.8092461032764288,-0.3892668651112589,0.9211250228532786,25.6833,27.9,24.6,3.3,1.0884,24.7167,25.7,6.0,6.0,6.0,92.5,96,31.15,33.5,24.3833,1.555,2.02,5.4,1.3815,-0.6669,0.4,0.3,1.0,171.6667,512.0,1030.0,1.5,0.7667,10.5,0.3827,-0.9239
singapore,2019,2019-11-30,269.0566666666666,310.01666666666665,358.06666666666666,405.0833333333333,437.84000000000003,95.06666666666666,10259,9.23600811872476,0.7943269324495564,-0.5119538337342339,0.8590129638863552,27.1167,28.1,26.0,2.1,0.6817,25.15,25.3,6.0,6.0,6.0,85.5,92,32.5,33.3,24.45,1.8917,2.53,4.4,1.6523,0.816,2.6,1.3,4.0,6.8333,41.0,41.0,-1.0333,-0.2333,18.5,-0.9914,0.1305
singapore,2022,2022-12-03,238.2,278.3666666666667,327.65,380.2166666666667,420.5,101.85000000000002,5931,8.688116703257823,0.8404990726690271,-0.4669596620640253,0.8842786178603729,25.5167,28.1,24.5,3.6,1.3146,24.1333,25.6,6.0,6.0,6.0,89.5,92,30.1,33.5,23.6667,2.5183,2.69,7.6,1.3519,-1.9011,0.7,0.3,0.5,160.4167,619.0,962.5,1.9667,1.2,10.5,0.3827,-0.9239
singapore,2023,2023-12-02,246.69666666666666,283.325,329.53333333333336,381.30833333333334,418.4266666666666,97.98333333333335,6779,8.821732380934442,0.827408172296799,-0.4821018664403299,0.8761151695837427,25.85,28.4,24.8,3.6,1.2971,24.5667,25.6,6.0,6.0,6.0,90.5,95,31.0,33.7,24.15,1.9533,2.35,5.1,1.8019,-0.6312,0.75,0.3,3.0,171.75,669.0,1030.5,1.9667,0.7333,10.5,0.3827,-0.9239
